{"type":"FeatureCollection","_provenance":{"derived_from":"assets/park-boundaries.geojson (OSM, ODbL)","what":"Simplified boundary rings, extruded into a translucent curtain by forest-map.js. A cartographic symbol \u2014 there is no wall on the ground.","generalised":"segments capped at 70.0 m; rings under 500.0 m perimeter dropped. Simplification is inherited from park-boundaries.geojson, so the curtain and the flat line trace exactly the same points.","base":"terrain, applied by MapLibre at each quad's centroid"},"features":[{"type":"Feature","properties":{"step":"nisene"},"geometry":{"type":"LineString","coordinates":[[-121.90585,37.00551],[-121.90587,37.00495],[-121.9059,37.00438],[-121.90592,37.00382],[-121.90594,37.00326],[-121.90669,37.00335],[-121.90745,37.00344],[-121.90821,37.00352],[-121.90896,37.00361],[-121.90972,37.0037],[-121.91047,37.00379],[-121.91064,37.00331],[-121.91081,37.00283],[-121.91098,37.00235],[-121.91115,37.00187],[-121.91157,37.00178],[-121.91199,37.0017],[-121.91177,37.00132],[-121.91155,37.00093],[-121.91133,37.00055],[-121.91067,37.00038],[-121.91001,37.0002],[-121.90935,37.00003],[-121.90869,36.99986],[-121.90911,36.99952],[-121.90954,36.99919],[-121.90996,36.99885],[-121.91038,36.99852],[-121.90961,36.99852],[-121.90884,36.99852],[-121.90807,36.99852],[-121.90731,36.99852],[-121.90654,36.99852],[-121.90577,36.99852],[-121.90596,36.99809],[-121.90616,36.99765],[-121.90601,36.99711],[-121.90586,36.99658],[-121.9057,36.99604],[-121.90555,36.99551],[-121.9054,36.99497],[-121.90576,36.99456],[-121.90613,36.99415],[-121.90649,36.99374],[-121.9066,36.99321],[-121.9067,36.99268],[-121.90681,36.99214],[-121.90691,36.99161],[-121.90667,36.99103],[-121.90643,36.99045],[-121.90618,36.98987],[-121.90594,36.98929],[-121.9057,36.98871],[-121.90546,36.98813],[-121.90521,36.98756],[-121.90497,36.98698],[-121.90473,36.9864],[-121.90449,36.98582],[-121.90425,36.98524],[-121.904,36.98466],[-121.90376,36.98408],[-121.90352,36.9835],[-121.90397,36.98312],[-121.90441,36.98273],[-121.90486,36.98235],[-121.90451,36.98198],[-121.90415,36.98161],[-121.90436,36.98119],[-121.90457,36.98076],[-121.90478,36.98034],[-121.90537,36.98047],[-121.90596,36.9806],[-121.9063,36.98013],[-121.90664,36.97966],[-121.90699,36.9792],[-121.90733,36.97873],[-121.90701,36.97922],[-121.9067,36.9797],[-121.90638,36.98019],[-121.90607,36.98067],[-121.90575,36.98116],[-121.90595,36.9817],[-121.90616,36.98224],[-121.90636,36.98278],[-121.90656,36.98332],[-121.90677,36.98386],[-121.90697,36.9844],[-121.90717,36.98494],[-121.90738,36.98548],[-121.90758,36.98602],[-121.90827,36.98627],[-121.90896,36.98652],[-121.90966,36.98677],[-121.91035,36.98701],[-121.91104,36.98726],[-121.91173,36.98751],[-121.91174,36.98808],[-121.91176,36.98865],[-121.91177,36.98922],[-121.91178,36.98978],[-121.9118,36.99035],[-121.91181,36.99092],[-121.91183,36.99149],[-121.91184,36.99206],[-121.91136,36.99205],[-121.91088,36.99204],[-121.91087,36.99248],[-121.91087,36.99293],[-121.91086,36.99337],[-121.91139,36.99339],[-121.91192,36.9934],[-121.91208,36.99389],[-121.91225,36.99438],[-121.91241,36.99487],[-121.91181,36.99476],[-121.91122,36.99465],[-121.91063,36.99454],[-121.91003,36.99443],[-121.90986,36.99504],[-121.91045,36.99509],[-121.91105,36.99515],[-121.91164,36.9952],[-121.91224,36.99525],[-121.91187,36.9957],[-121.91151,36.99616],[-121.91115,36.99661],[-121.91078,36.99706],[-121.91108,36.99739],[-121.91139,36.99773],[-121.91208,36.99769],[-121.91278,36.99765],[-121.91347,36.99761],[-121.91416,36.99758],[-121.91486,36.99754],[-121.91555,36.9975],[-121.91548,36.99802],[-121.91541,36.99854],[-121.91483,36.99889],[-121.91425,36.99924],[-121.91367,36.99959],[-121.91309,36.99994],[-121.91329,37.00046],[-121.91348,37.00097],[-121.91368,37.00149],[-121.91388,37.002],[-121.91407,37.00252],[-121.91427,37.00303],[-121.91402,37.00355],[-121.91377,37.00406],[-121.91352,37.00458],[-121.91326,37.00509],[-121.91301,37.00561],[-121.91276,37.00613],[-121.91251,37.00664],[-121.91226,37.00716],[-121.91291,37.00737],[-121.91356,37.00759],[-121.9142,37.0078],[-121.91485,37.00802],[-121.9155,37.00823],[-121.91615,37.00844],[-121.91679,37.00866],[-121.91744,37.00887],[-121.91681,37.00914],[-121.91619,37.00941],[-121.91556,37.00968],[-121.91494,37.00995],[-121.91431,37.01022],[-121.91369,37.01049],[-121.91306,37.01076],[-121.91244,37.01103],[-121.91181,37.0113],[-121.91237,37.01169],[-121.91294,37.01207],[-121.9135,37.01246],[-121.91407,37.01284],[-121.91463,37.01323],[-121.91531,37.01333],[-121.91599,37.01343],[-121.91666,37.01354],[-121.91734,37.01364],[-121.91802,37.01374],[-121.9187,37.01384],[-121.91916,37.01433],[-121.91961,37.01482],[-121.91942,37.01539],[-121.91923,37.01596],[-121.91904,37.01653],[-121.9198,37.01638],[-121.92056,37.01623],[-121.92132,37.01608],[-121.92209,37.01593],[-121.92285,37.01578],[-121.92361,37.01563],[-121.92437,37.01548],[-121.9247,37.01494],[-121.92503,37.01439],[-121.92536,37.01385],[-121.92569,37.01331],[-121.9262,37.01369],[-121.92671,37.01408],[-121.92722,37.01446],[-121.92773,37.01484],[-121.92824,37.01523],[-121.92875,37.01561],[-121.92926,37.016],[-121.92977,37.01638],[-121.92937,37.01678],[-121.92898,37.01719],[-121.92969,37.0174],[-121.93039,37.01762],[-121.9311,37.01784],[-121.93181,37.01805],[-121.93145,37.01852],[-121.9311,37.01899],[-121.93074,37.01946],[-121.93038,37.01994],[-121.93003,37.02041],[-121.92967,37.02088],[-121.92945,37.02143],[-121.92923,37.02197],[-121.92902,37.02252],[-121.9288,37.02306],[-121.92858,37.02361],[-121.92836,37.02416],[-121.92814,37.0247],[-121.92793,37.02525],[-121.92771,37.02579],[-121.92749,37.02634],[-121.92754,37.02681],[-121.92759,37.02727],[-121.92764,37.02774],[-121.92795,37.02824],[-121.92827,37.02874],[-121.92858,37.02925],[-121.9289,37.02975],[-121.92921,37.03025],[-121.92953,37.03075],[-121.92984,37.03126],[-121.93016,37.03176],[-121.93047,37.03226],[-121.93038,37.03285],[-121.93029,37.03344],[-121.9302,37.03403],[-121.92953,37.03423],[-121.92885,37.03442],[-121.92818,37.03462],[-121.92751,37.03482],[-121.92683,37.03501],[-121.92616,37.03521],[-121.92549,37.03541],[-121.92481,37.0356],[-121.92414,37.0358],[-121.92385,37.03635],[-121.92356,37.03689],[-121.92327,37.03744],[-121.92299,37.03798],[-121.9227,37.03853],[-121.92241,37.03907],[-121.92212,37.03962],[-121.92154,37.03997],[-121.92095,37.04032],[-121.92037,37.04067],[-121.91978,37.04101],[-121.9192,37.04136],[-121.91861,37.04171],[-121.91803,37.04206],[-121.91799,37.04262],[-121.91794,37.04317],[-121.9179,37.04373],[-121.91715,37.04381],[-121.91641,37.0439],[-121.91566,37.04398],[-121.91491,37.04406],[-121.91417,37.04415],[-121.91342,37.04423],[-121.91268,37.04432],[-121.91193,37.0444],[-121.91118,37.04448],[-121.91044,37.04457],[-121.90969,37.04465],[-121.90973,37.04528],[-121.90977,37.04591],[-121.9098,37.04653],[-121.90984,37.04716],[-121.90988,37.04779],[-121.90942,37.04821],[-121.90897,37.04862],[-121.90851,37.04904],[-121.90918,37.04933],[-121.90985,37.04962],[-121.91052,37.04992],[-121.91119,37.05021],[-121.91186,37.0505],[-121.91253,37.05079],[-121.91319,37.05109],[-121.91386,37.05138],[-121.91453,37.05167],[-121.9152,37.05196],[-121.91587,37.05226],[-121.91654,37.05255],[-121.91721,37.05284],[-121.91688,37.05339],[-121.91655,37.05393],[-121.91623,37.05448],[-121.9159,37.05502],[-121.91557,37.05557],[-121.91524,37.05612],[-121.91491,37.05666],[-121.91459,37.05721],[-121.91426,37.05775],[-121.91393,37.0583],[-121.9146,37.05856],[-121.91526,37.05881],[-121.91593,37.05907],[-121.9166,37.05932],[-121.91726,37.05958],[-121.91793,37.05983],[-121.9186,37.06009],[-121.91926,37.06034],[-121.91993,37.0606],[-121.91995,37.06113],[-121.91996,37.06166],[-121.91998,37.06219],[-121.92,37.06272],[-121.91978,37.06332],[-121.91956,37.06391],[-121.91934,37.06451],[-121.91912,37.0651],[-121.9189,37.0657],[-121.91868,37.06629],[-121.91846,37.06689],[-121.91793,37.06731],[-121.91739,37.06772],[-121.91686,37.06814],[-121.91633,37.06856],[-121.9158,37.06897],[-121.91526,37.06939],[-121.91473,37.0698],[-121.9142,37.07022],[-121.91392,37.07076],[-121.91364,37.0713],[-121.91336,37.07185],[-121.91308,37.07239],[-121.9125,37.07226],[-121.91193,37.07213],[-121.91125,37.07235],[-121.91056,37.07256],[-121.90988,37.07278],[-121.90919,37.07299],[-121.90851,37.07321],[-121.90782,37.07342],[-121.90714,37.07364],[-121.90645,37.07385],[-121.90577,37.07407],[-121.90508,37.07428],[-121.9044,37.0745],[-121.90371,37.07471],[-121.90303,37.07493],[-121.90247,37.07472],[-121.9019,37.07451],[-121.90133,37.07429],[-121.90077,37.07408],[-121.90003,37.07418],[-121.89929,37.07429],[-121.89855,37.07439],[-121.8978,37.07449],[-121.89706,37.07459],[-121.89632,37.0747],[-121.89558,37.0748],[-121.89484,37.07463],[-121.89411,37.07446],[-121.89337,37.07429],[-121.89264,37.07413],[-121.8919,37.07396],[-121.89117,37.07379],[-121.89043,37.07362],[-121.88975,37.07364],[-121.88907,37.07366],[-121.88839,37.07368],[-121.88771,37.0737],[-121.88703,37.07372],[-121.88649,37.07393],[-121.88594,37.07413],[-121.8854,37.07434],[-121.88486,37.07455],[-121.88473,37.07505],[-121.8846,37.07555],[-121.88448,37.07604],[-121.88435,37.07654],[-121.88422,37.07704],[-121.88384,37.07744],[-121.88347,37.07785],[-121.88309,37.07825],[-121.88272,37.07866],[-121.88234,37.07906],[-121.88172,37.07936],[-121.8811,37.07965],[-121.88048,37.07995],[-121.87986,37.08024],[-121.87924,37.08054],[-121.87881,37.08046],[-121.87838,37.08037],[-121.87817,37.07984],[-121.87797,37.0793],[-121.87721,37.07918],[-121.87645,37.07906],[-121.87568,37.07894],[-121.87492,37.07882],[-121.87438,37.07919],[-121.87385,37.07955],[-121.87331,37.07992],[-121.87264,37.07973],[-121.87196,37.07954],[-121.87134,37.07981],[-121.87072,37.08009],[-121.87006,37.07987],[-121.8694,37.07965],[-121.86874,37.07943],[-121.86809,37.0792],[-121.86743,37.07898],[-121.86677,37.07876],[-121.86611,37.07854],[-121.86551,37.07815],[-121.86492,37.07776],[-121.86432,37.07738],[-121.86373,37.07699],[-121.86313,37.0766],[-121.86241,37.07649],[-121.8617,37.07638],[-121.86098,37.07628],[-121.86027,37.07617],[-121.85955,37.07606],[-121.8591,37.07563],[-121.85865,37.0752],[-121.8582,37.07477],[-121.85775,37.07434],[-121.8573,37.07391],[-121.85685,37.07348],[-121.85622,37.07338],[-121.85559,37.07328],[-121.85497,37.07317],[-121.85434,37.07307],[-121.85371,37.07297],[-121.85319,37.07261],[-121.85267,37.07225],[-121.85215,37.07189],[-121.85162,37.07152],[-121.8511,37.07116],[-121.85058,37.0708],[-121.85006,37.07044],[-121.84973,37.0701],[-121.8494,37.06977],[-121.84999,37.06936],[-121.85058,37.06895],[-121.8505,37.06845],[-121.85041,37.06794],[-121.85033,37.06744],[-121.84981,37.06775],[-121.84929,37.06806],[-121.84878,37.06837],[-121.84826,37.06868],[-121.84755,37.0685],[-121.84684,37.06833],[-121.84613,37.06815],[-121.84541,37.06797],[-121.8447,37.0678],[-121.84399,37.06762],[-121.84398,37.06823],[-121.84396,37.06883],[-121.84395,37.06944],[-121.84394,37.07005],[-121.8432,37.07004],[-121.84245,37.07003],[-121.84171,37.07002],[-121.84096,37.07001],[-121.84022,37.07],[-121.83948,37.06998],[-121.83873,37.06997],[-121.83799,37.06996],[-121.83724,37.06995],[-121.8365,37.06994],[-121.83651,37.06933],[-121.83651,37.06872],[-121.83652,37.06811],[-121.83653,37.0675],[-121.83653,37.06688],[-121.83654,37.06627],[-121.83655,37.06566],[-121.83655,37.06505],[-121.83656,37.06444],[-121.83657,37.06383],[-121.83657,37.06322],[-121.83658,37.06261],[-121.83659,37.06199],[-121.83659,37.06138],[-121.8366,37.06077],[-121.83661,37.06016],[-121.83661,37.05955],[-121.83662,37.05894],[-121.83663,37.05833],[-121.83664,37.05772],[-121.83664,37.05711],[-121.83665,37.05649],[-121.83666,37.05588],[-121.83666,37.05527],[-121.83667,37.05466],[-121.83668,37.05405],[-121.83668,37.05344],[-121.83669,37.05283],[-121.8367,37.05222],[-121.8367,37.0516],[-121.83671,37.05099],[-121.83672,37.05038],[-121.83672,37.04977],[-121.83673,37.04916],[-121.83626,37.04888],[-121.83578,37.04859],[-121.83531,37.04831],[-121.83456,37.04831],[-121.83381,37.04831],[-121.83305,37.04831],[-121.8323,37.04831],[-121.83155,37.0483],[-121.8308,37.0483],[-121.83005,37.0483],[-121.82929,37.0483],[-121.82854,37.0483],[-121.82779,37.0483],[-121.8278,37.04772],[-121.82781,37.04715],[-121.82781,37.04657],[-121.82782,37.046],[-121.82783,37.04542],[-121.82784,37.04485],[-121.8286,37.04484],[-121.82935,37.04484],[-121.83011,37.04483],[-121.83087,37.04482],[-121.83163,37.04482],[-121.83238,37.04481],[-121.83314,37.04481],[-121.8339,37.0448],[-121.83466,37.04479],[-121.83541,37.04479],[-121.83617,37.04478],[-121.83693,37.04477],[-121.83768,37.04477],[-121.83844,37.04476],[-121.8392,37.04475],[-121.83996,37.04475],[-121.84071,37.04474],[-121.84147,37.04474],[-121.84223,37.04473],[-121.84299,37.04472],[-121.84374,37.04472],[-121.8445,37.04471],[-121.84456,37.04412],[-121.84463,37.04353],[-121.84519,37.04321],[-121.84575,37.04288],[-121.84631,37.04256],[-121.84687,37.04223],[-121.84744,37.0419],[-121.848,37.04158],[-121.84856,37.04125],[-121.84912,37.04093],[-121.84985,37.04107],[-121.85057,37.04121],[-121.8513,37.04136],[-121.85203,37.0415],[-121.85276,37.04164],[-121.85348,37.04178],[-121.85421,37.04192],[-121.85494,37.04207],[-121.85566,37.04221],[-121.85639,37.04235],[-121.85715,37.0422],[-121.85792,37.04204],[-121.85868,37.04189],[-121.85944,37.04174],[-121.8602,37.04158],[-121.86096,37.04143],[-121.86173,37.04127],[-121.86249,37.04112],[-121.86302,37.04067],[-121.86354,37.04022],[-121.86407,37.03977],[-121.86459,37.03931],[-121.86512,37.03886],[-121.86564,37.03841],[-121.86617,37.03796],[-121.86608,37.0374],[-121.86598,37.03683],[-121.86589,37.03627],[-121.86579,37.0357],[-121.8657,37.03514],[-121.8656,37.03457],[-121.86551,37.03401],[-121.86626,37.03386],[-121.86701,37.03371],[-121.86775,37.03356],[-121.8685,37.03341],[-121.86925,37.03326],[-121.86961,37.03276],[-121.86996,37.03227],[-121.87032,37.03177],[-121.87104,37.03165],[-121.87177,37.03153],[-121.87249,37.03141],[-121.87321,37.03129],[-121.87394,37.03117],[-121.87466,37.03105],[-121.87522,37.03072],[-121.87578,37.03038],[-121.87634,37.03005],[-121.8769,37.02971],[-121.87753,37.02972],[-121.87815,37.02973],[-121.87878,37.02974],[-121.8794,37.02975],[-121.88004,37.02958],[-121.88069,37.0294],[-121.88133,37.02923],[-121.88197,37.02906],[-121.88261,37.02889],[-121.88326,37.02871],[-121.8839,37.02854],[-121.88435,37.02876],[-121.8848,37.02899],[-121.88531,37.02867],[-121.88583,37.02835],[-121.88634,37.02802],[-121.88686,37.0277],[-121.88737,37.02738],[-121.88791,37.02744],[-121.88845,37.02751],[-121.88899,37.02757],[-121.88936,37.02739],[-121.88973,37.02722],[-121.88964,37.02661],[-121.88955,37.02599],[-121.88946,37.02538],[-121.88937,37.02477],[-121.89001,37.02446],[-121.89065,37.02414],[-121.89129,37.02383],[-121.89194,37.02352],[-121.89258,37.02321],[-121.89322,37.02289],[-121.89386,37.02258],[-121.8945,37.02227],[-121.89514,37.02195],[-121.89579,37.02164],[-121.89643,37.02133],[-121.89707,37.02102],[-121.89771,37.0207],[-121.89835,37.02039],[-121.89899,37.02008],[-121.89964,37.01977],[-121.90028,37.01945],[-121.90092,37.01914],[-121.90101,37.01853],[-121.9011,37.01792],[-121.90118,37.0173],[-121.90127,37.01669],[-121.90136,37.01608],[-121.90145,37.01547],[-121.90153,37.01485],[-121.90162,37.01424],[-121.90171,37.01363],[-121.9018,37.01302],[-121.90188,37.01241],[-121.90197,37.01179],[-121.90206,37.01118],[-121.90215,37.01057],[-121.90224,37.00996],[-121.90232,37.00934],[-121.90241,37.00873],[-121.9025,37.00812],[-121.90259,37.00751],[-121.90267,37.00689],[-121.90276,37.00628],[-121.90285,37.00567],[-121.90302,37.00525],[-121.9032,37.00483],[-121.90379,37.00498],[-121.90438,37.00514],[-121.90497,37.00529],[-121.90474,37.00482],[-121.9045,37.00434],[-121.90427,37.00387],[-121.90466,37.00349],[-121.90506,37.0031],[-121.90545,37.00272],[-121.90489,37.00243],[-121.90432,37.00214],[-121.90376,37.00185],[-121.9032,37.00156],[-121.90263,37.00127],[-121.90207,37.00098],[-121.90238,37.00055],[-121.90269,37.00012],[-121.90299,36.9997],[-121.9033,36.99927],[-121.90335,36.99878],[-121.90339,36.9983],[-121.90344,36.99782],[-121.90348,36.99733],[-121.90298,36.99688],[-121.90248,36.99643],[-121.90199,36.99597],[-121.90149,36.99552],[-121.90099,36.99507],[-121.90049,36.99462],[-121.89999,36.99417],[-121.8995,36.99371],[-121.899,36.99326],[-121.8985,36.99281],[-121.8982,36.99227],[-121.89791,36.99173],[-121.89761,36.99119],[-121.89731,36.99064],[-121.89702,36.9901],[-121.89672,36.98956],[-121.89725,36.98914],[-121.89777,36.98871],[-121.8983,36.98829],[-121.89883,36.98787],[-121.89894,36.9873],[-121.89905,36.98673],[-121.89915,36.98616],[-121.89926,36.98559],[-121.89966,36.98508],[-121.90006,36.98457],[-121.90046,36.98407],[-121.90086,36.98356],[-121.90126,36.98305],[-121.90166,36.98255],[-121.90206,36.98204],[-121.90246,36.98153],[-121.90272,36.9821],[-121.90298,36.98267],[-121.90324,36.98324],[-121.90277,36.98331],[-121.90231,36.98338],[-121.90218,36.98381],[-121.90206,36.98425],[-121.90193,36.98468],[-121.90138,36.98454],[-121.90083,36.98441],[-121.90051,36.98481],[-121.9002,36.98521],[-121.89988,36.98562],[-121.89957,36.98602],[-121.89942,36.98658],[-121.89927,36.98714],[-121.89969,36.98736],[-121.90011,36.98758],[-121.89978,36.98803],[-121.89946,36.98848],[-121.89913,36.98893],[-121.89914,36.98948],[-121.89915,36.99002],[-121.89916,36.99057],[-121.89962,36.99079],[-121.90008,36.99101],[-121.90071,36.99084],[-121.90134,36.99066],[-121.90198,36.99048],[-121.90261,36.99031],[-121.90303,36.99074],[-121.90345,36.99117],[-121.90387,36.9916],[-121.90429,36.99203],[-121.90471,36.99246],[-121.90533,36.99231],[-121.90594,36.99217],[-121.90656,36.99202],[-121.90632,36.99253],[-121.90608,36.99305],[-121.90583,36.99356],[-121.90559,36.99408],[-121.90535,36.99459],[-121.90511,36.99511],[-121.90527,36.99562],[-121.90543,36.99614],[-121.90558,36.99665],[-121.90574,36.99717],[-121.9059,36.99768],[-121.90572,36.99823],[-121.90555,36.99877],[-121.90537,36.99932],[-121.9052,36.99986],[-121.90502,37.00041],[-121.90523,37.00086],[-121.90543,37.0013],[-121.90564,37.00174],[-121.90585,37.00219],[-121.90585,37.00274],[-121.90585,37.0033],[-121.90585,37.00385],[-121.90585,37.0044],[-121.90585,37.00496],[-121.90585,37.00551]]}},{"type":"Feature","properties":{"step":"scmts"},"geometry":{"type":"LineString","coordinates":[[-122.13465,36.97537],[-122.13409,36.97501],[-122.13354,36.97466],[-122.13298,36.9743],[-122.13243,36.97394],[-122.13187,36.97358],[-122.13132,36.97323],[-122.13076,36.97287],[-122.13008,36.97256],[-122.12939,36.97225],[-122.12871,36.97194],[-122.12802,36.97164],[-122.12734,36.97133],[-122.12665,36.97102],[-122.12597,36.97071],[-122.12528,36.9704],[-122.1246,36.97009],[-122.12391,36.96979],[-122.12323,36.96948],[-122.12254,36.96917],[-122.12186,36.96886],[-122.12117,36.96855],[-122.12049,36.96824],[-122.1198,36.96794],[-122.11912,36.96763],[-122.11843,36.96732],[-122.11775,36.96701],[-122.11706,36.9667],[-122.11638,36.96639],[-122.11569,36.96609],[-122.11501,36.96578],[-122.11432,36.96547],[-122.11364,36.96516],[-122.11295,36.96485],[-122.11227,36.96454],[-122.11158,36.96424],[-122.1109,36.96393],[-122.11021,36.96362],[-122.10953,36.96331],[-122.10884,36.963],[-122.10816,36.96269],[-122.10747,36.96239],[-122.10679,36.96208],[-122.1061,36.96177],[-122.10542,36.96146],[-122.10468,36.96138],[-122.10393,36.96129],[-122.10319,36.96121],[-122.10244,36.96113],[-122.1017,36.96105],[-122.10095,36.96096],[-122.10021,36.96088],[-122.09946,36.9608],[-122.09872,36.96072],[-122.09798,36.96063],[-122.09723,36.96055],[-122.09649,36.96047],[-122.09574,36.96038],[-122.095,36.9603],[-122.09425,36.96022],[-122.09351,36.96014],[-122.09276,36.96005],[-122.09202,36.95997],[-122.09224,36.95938],[-122.09245,36.9588],[-122.09228,36.95829],[-122.09211,36.95778],[-122.09193,36.95728],[-122.09176,36.95677],[-122.09159,36.95626],[-122.09111,36.95609],[-122.09062,36.95591],[-122.09014,36.95574],[-122.08984,36.95612],[-122.08953,36.95651],[-122.08923,36.95689],[-122.08951,36.95747],[-122.08979,36.95805],[-122.09007,36.95863],[-122.09035,36.95921],[-122.09063,36.95979],[-122.08987,36.95971],[-122.08911,36.95963],[-122.08836,36.95955],[-122.0876,36.95947],[-122.08684,36.95939],[-122.08608,36.95931],[-122.08533,36.95924],[-122.08457,36.95916],[-122.08381,36.95908],[-122.08305,36.959],[-122.0823,36.95892],[-122.08154,36.95884],[-122.08078,36.95876],[-122.08002,36.95868],[-122.07927,36.9586],[-122.07851,36.95852],[-122.07775,36.95844],[-122.07699,36.95836],[-122.07624,36.95829],[-122.07548,36.95821],[-122.07472,36.95813],[-122.07396,36.95805],[-122.07321,36.95797],[-122.07245,36.95789],[-122.07169,36.95781],[-122.0722,36.95738],[-122.0727,36.95695],[-122.07321,36.95651],[-122.07371,36.95608],[-122.07422,36.95565],[-122.07473,36.95521],[-122.07523,36.95478],[-122.07574,36.95435],[-122.07589,36.95383],[-122.07603,36.95332],[-122.07618,36.9528],[-122.07632,36.95229],[-122.07647,36.95177],[-122.07655,36.95224],[-122.07663,36.95271],[-122.07725,36.95284],[-122.07787,36.95296],[-122.07849,36.95309],[-122.07911,36.95321],[-122.07973,36.95334],[-122.08024,36.95304],[-122.08075,36.95274],[-122.08127,36.95245],[-122.08178,36.95215],[-122.08229,36.95185],[-122.08293,36.95203],[-122.08357,36.95222],[-122.08366,36.9526],[-122.08375,36.95299],[-122.08443,36.95284],[-122.0851,36.95269],[-122.08578,36.95253],[-122.08646,36.95238],[-122.08666,36.95296],[-122.08687,36.95354],[-122.08707,36.95412],[-122.08727,36.9547],[-122.08746,36.95424],[-122.08764,36.95378],[-122.08833,36.95394],[-122.08902,36.95411],[-122.08972,36.95427],[-122.09041,36.95444],[-122.0911,36.9546],[-122.09151,36.95418],[-122.09192,36.95377],[-122.09229,36.95409],[-122.09266,36.95441],[-122.09303,36.95473],[-122.09367,36.95489],[-122.0943,36.95505],[-122.09493,36.95521],[-122.09557,36.95537],[-122.09624,36.95538],[-122.09691,36.95538],[-122.09759,36.95539],[-122.09826,36.95539],[-122.09893,36.9554],[-122.09949,36.9551],[-122.10004,36.9548],[-122.10051,36.95513],[-122.10099,36.95547],[-122.10146,36.9558],[-122.10193,36.95614],[-122.10261,36.95614],[-122.10329,36.95614],[-122.10397,36.95614],[-122.10466,36.95615],[-122.10534,36.95615],[-122.10602,36.95615],[-122.10663,36.95647],[-122.10724,36.9568],[-122.10786,36.95712],[-122.10847,36.95745],[-122.10908,36.95777],[-122.10932,36.95825],[-122.10955,36.95874],[-122.1101,36.95913],[-122.11064,36.95952],[-122.11119,36.95992],[-122.11174,36.96031],[-122.11228,36.9607],[-122.11283,36.96109],[-122.11338,36.96148],[-122.11393,36.96188],[-122.11447,36.96227],[-122.11502,36.96266],[-122.11565,36.96256],[-122.11629,36.96247],[-122.11692,36.96237],[-122.11756,36.96228],[-122.11819,36.96218],[-122.11866,36.9624],[-122.11913,36.96262],[-122.11959,36.96216],[-122.11962,36.96264],[-122.11966,36.96312],[-122.11969,36.9636],[-122.12019,36.96399],[-122.12068,36.96438],[-122.12117,36.96477],[-122.12167,36.96516],[-122.12216,36.96555],[-122.12266,36.96594],[-122.1234,36.96591],[-122.12414,36.96587],[-122.12489,36.96583],[-122.12563,36.9658],[-122.126,36.9653],[-122.12636,36.96479],[-122.12673,36.96429],[-122.12731,36.9647],[-122.1279,36.9651],[-122.12848,36.96551],[-122.12907,36.96591],[-122.12965,36.96632],[-122.13024,36.96672],[-122.13082,36.96713],[-122.13148,36.96726],[-122.13213,36.96739],[-122.13279,36.96751],[-122.13344,36.96764],[-122.1341,36.96777],[-122.13443,36.96734],[-122.13476,36.9669],[-122.13478,36.96743],[-122.13479,36.96796],[-122.13481,36.96849],[-122.13523,36.96823],[-122.13566,36.96798],[-122.13615,36.9684],[-122.13596,36.96884],[-122.13577,36.96929],[-122.13558,36.96973],[-122.13587,36.97017],[-122.13617,36.97062],[-122.13646,36.97107],[-122.13675,36.97151],[-122.13721,36.97195],[-122.13767,36.97239],[-122.13813,36.97282],[-122.13859,36.97326],[-122.13905,36.9737],[-122.13951,36.97413],[-122.13997,36.97457],[-122.14043,36.97501],[-122.14011,36.97558],[-122.13979,36.97615],[-122.13947,36.97673],[-122.13915,36.9773],[-122.13883,36.97787],[-122.13887,36.97841],[-122.13891,36.97896],[-122.13895,36.97951],[-122.13899,36.98005],[-122.13856,36.97958],[-122.13812,36.97911],[-122.13769,36.97865],[-122.13725,36.97818],[-122.13682,36.97771],[-122.13639,36.97724],[-122.13595,36.97677],[-122.13552,36.97631],[-122.13508,36.97584],[-122.13465,36.97537]]}},{"type":"Feature","properties":{"step":"scmts"},"geometry":{"type":"LineString","coordinates":[[-122.12073,37.00756],[-122.12042,37.00778],[-122.12011,37.00801],[-122.11991,37.00757],[-122.11971,37.00713],[-122.11904,37.00697],[-122.11837,37.00682],[-122.1177,37.00666],[-122.11784,37.00619],[-122.11799,37.00572],[-122.11813,37.00525],[-122.11756,37.00485],[-122.117,37.00446],[-122.11643,37.00406],[-122.11691,37.00368],[-122.1174,37.00331],[-122.11788,37.00293],[-122.11837,37.00256],[-122.11885,37.00218],[-122.11822,37.00195],[-122.11759,37.00171],[-122.11726,37.00127],[-122.11694,37.00084],[-122.11661,37.00041],[-122.11628,36.99997],[-122.1166,36.99966],[-122.11693,36.99935],[-122.11643,36.99892],[-122.11593,36.99849],[-122.11543,36.99806],[-122.11493,36.99762],[-122.11443,36.99719],[-122.11392,36.99676],[-122.11342,36.99633],[-122.11292,36.9959],[-122.11242,36.99546],[-122.11192,36.99503],[-122.11142,36.9946],[-122.11092,36.99417],[-122.11167,36.99414],[-122.11242,36.99412],[-122.11317,36.99409],[-122.11392,36.99407],[-122.11467,36.99404],[-122.11542,36.99401],[-122.11617,36.99399],[-122.11692,36.99396],[-122.11767,36.99393],[-122.11842,36.99391],[-122.11917,36.99388],[-122.11992,36.99386],[-122.12067,36.99383],[-122.12067,36.99323],[-122.12067,36.99262],[-122.12067,36.99202],[-122.12068,36.99141],[-122.12068,36.99081],[-122.12068,36.9902],[-122.12068,36.9896],[-122.12068,36.98899],[-122.12068,36.98839],[-122.12068,36.98778],[-122.12068,36.98718],[-122.12069,36.98658],[-122.12069,36.98597],[-122.12069,36.98537],[-122.12069,36.98476],[-122.12069,36.98416],[-122.12069,36.98355],[-122.12069,36.98295],[-122.1207,36.98234],[-122.1207,36.98174],[-122.1207,36.98113],[-122.1207,36.98053],[-122.12054,36.98112],[-122.12037,36.98171],[-122.12021,36.9823],[-122.12005,36.98289],[-122.11988,36.98348],[-122.11972,36.98407],[-122.11917,36.98451],[-122.11863,36.98495],[-122.11808,36.98539],[-122.11754,36.98583],[-122.11699,36.98627],[-122.1163,36.98653],[-122.11562,36.98679],[-122.11493,36.98705],[-122.11425,36.98731],[-122.11356,36.98757],[-122.11288,36.98783],[-122.11219,36.98808],[-122.1115,36.98834],[-122.11082,36.9886],[-122.11013,36.98886],[-122.10945,36.98912],[-122.10876,36.98938],[-122.10833,36.9899],[-122.10789,36.99042],[-122.10746,36.99094],[-122.10703,36.99146],[-122.10659,36.99197],[-122.10616,36.99249],[-122.10573,36.99301],[-122.10529,36.99353],[-122.10486,36.99405],[-122.10425,36.99433],[-122.10363,36.99461],[-122.10302,36.99489],[-122.10241,36.99516],[-122.10179,36.99544],[-122.10118,36.99572],[-122.10078,36.99624],[-122.10039,36.99675],[-122.09999,36.99727],[-122.09942,36.99761],[-122.09886,36.99795],[-122.09829,36.99829],[-122.09773,36.99863],[-122.09716,36.99897],[-122.09684,36.9993],[-122.09652,36.99963],[-122.09664,37.00008],[-122.09675,37.00054],[-122.09687,37.00099],[-122.09635,37.00129],[-122.09583,37.0016],[-122.09531,37.0019],[-122.09479,37.0022],[-122.09508,37.00264],[-122.09538,37.00308],[-122.09567,37.00352],[-122.09597,37.00396],[-122.09582,37.00456],[-122.09567,37.00517],[-122.09553,37.00577],[-122.09538,37.00637],[-122.09523,37.00698],[-122.09508,37.00758],[-122.09494,37.00818],[-122.09479,37.00879],[-122.09464,37.00939],[-122.09449,37.00999],[-122.09434,37.0106],[-122.0942,37.0112],[-122.09405,37.0118],[-122.0939,37.01241],[-122.09375,37.01301],[-122.09361,37.01361],[-122.09346,37.01422],[-122.09331,37.01482],[-122.09406,37.01474],[-122.0948,37.01466],[-122.09555,37.01459],[-122.0963,37.01451],[-122.09705,37.01443],[-122.09779,37.01435],[-122.09854,37.01428],[-122.09929,37.0142],[-122.10003,37.01412],[-122.10078,37.01404],[-122.10153,37.01396],[-122.10228,37.01389],[-122.10302,37.01381],[-122.10377,37.01373],[-122.10452,37.01365],[-122.10527,37.01358],[-122.10601,37.0135],[-122.10676,37.01342],[-122.10689,37.01398],[-122.10702,37.01454],[-122.10715,37.01509],[-122.10728,37.01565],[-122.1074,37.01621],[-122.10753,37.01677],[-122.10766,37.01733],[-122.10779,37.01788],[-122.10792,37.01844],[-122.10805,37.019],[-122.10741,37.01925],[-122.10678,37.01949],[-122.10614,37.01974],[-122.10551,37.01998],[-122.10487,37.02023],[-122.10515,37.0208],[-122.10542,37.02137],[-122.1057,37.02193],[-122.10598,37.0225],[-122.10583,37.02308],[-122.10568,37.02366],[-122.10553,37.02425],[-122.10538,37.02483],[-122.10523,37.02541],[-122.10508,37.02599],[-122.10462,37.02614],[-122.10417,37.02629],[-122.10354,37.02605],[-122.10291,37.02582],[-122.10228,37.02558],[-122.10165,37.02534],[-122.10116,37.02583],[-122.10067,37.02631],[-122.10018,37.0268],[-122.09969,37.02729],[-122.09915,37.02691],[-122.09862,37.02653],[-122.09808,37.02615],[-122.09741,37.02621],[-122.09674,37.02627],[-122.09607,37.02632],[-122.0954,37.02638],[-122.09475,37.02613],[-122.0941,37.02589],[-122.09345,37.02564],[-122.0928,37.0254],[-122.09215,37.02515],[-122.0915,37.02491],[-122.09085,37.02466],[-122.0902,37.02442],[-122.08955,37.02417],[-122.08895,37.02383],[-122.08834,37.02348],[-122.08774,37.02314],[-122.08714,37.0228],[-122.08653,37.02245],[-122.08593,37.02211],[-122.08532,37.02176],[-122.08472,37.02142],[-122.08412,37.02108],[-122.08351,37.02073],[-122.08291,37.02039],[-122.08247,37.01996],[-122.08203,37.01953],[-122.0816,37.01911],[-122.08116,37.01868],[-122.08072,37.01825],[-122.08072,37.01765],[-122.08072,37.01704],[-122.08072,37.01644],[-122.08072,37.01584],[-122.08072,37.01524],[-122.08072,37.01463],[-122.08072,37.01403],[-122.08072,37.01343],[-122.08072,37.01283],[-122.08072,37.01222],[-122.08072,37.01162],[-122.08073,37.01102],[-122.08073,37.01042],[-122.08073,37.00981],[-122.08073,37.00921],[-122.08073,37.00861],[-122.08073,37.00801],[-122.08073,37.0074],[-122.08073,37.0068],[-122.08073,37.0062],[-122.08073,37.0056],[-122.08073,37.00499],[-122.08073,37.00439],[-122.07995,37.00439],[-122.07917,37.00439],[-122.07838,37.00439],[-122.0776,37.00439],[-122.07682,37.00439],[-122.07604,37.00439],[-122.07582,37.0038],[-122.0756,37.00322],[-122.07537,37.00263],[-122.07515,37.00204],[-122.07493,37.00145],[-122.07471,37.00087],[-122.07449,37.00028],[-122.07426,36.99969],[-122.07404,36.9991],[-122.07382,36.99852],[-122.0736,36.99793],[-122.07338,36.99734],[-122.07315,36.99675],[-122.07293,36.99617],[-122.07271,36.99558],[-122.07195,36.99558],[-122.07119,36.99558],[-122.07043,36.99559],[-122.06967,36.99559],[-122.06891,36.99559],[-122.06925,36.99517],[-122.06959,36.99475],[-122.06994,36.99433],[-122.07028,36.99391],[-122.07011,36.99337],[-122.06995,36.99282],[-122.06978,36.99228],[-122.06961,36.99174],[-122.06945,36.99119],[-122.06928,36.99065],[-122.06946,36.99005],[-122.06963,36.98945],[-122.06981,36.98885],[-122.06999,36.98825],[-122.07016,36.98765],[-122.07034,36.98705],[-122.07052,36.98645],[-122.07069,36.98585],[-122.07087,36.98525],[-122.07105,36.98465],[-122.07122,36.98405],[-122.0714,36.98345],[-122.07157,36.98285],[-122.07175,36.98225],[-122.07193,36.98165],[-122.0721,36.98105],[-122.07228,36.98045],[-122.07246,36.97985],[-122.07263,36.97925],[-122.07281,36.97865],[-122.07299,36.97805],[-122.07316,36.97745],[-122.07334,36.97685],[-122.07366,36.97632],[-122.07398,36.97578],[-122.0743,36.97525],[-122.07462,36.97471],[-122.07494,36.97418],[-122.07543,36.9737],[-122.07591,36.97321],[-122.0764,36.97273],[-122.07688,36.97225],[-122.07737,36.97177],[-122.07785,36.97128],[-122.07834,36.9708],[-122.07774,36.9705],[-122.07713,36.9702],[-122.07653,36.96991],[-122.07592,36.96961],[-122.07532,36.96931],[-122.07541,36.96873],[-122.0755,36.96814],[-122.0756,36.96756],[-122.07569,36.96697],[-122.07578,36.96639],[-122.07587,36.96581],[-122.07596,36.96522],[-122.07606,36.96464],[-122.07615,36.96405],[-122.07624,36.96347],[-122.07555,36.96329],[-122.07486,36.96311],[-122.07417,36.96292],[-122.07349,36.96274],[-122.0728,36.96256],[-122.07211,36.96238],[-122.07287,36.96238],[-122.07363,36.96237],[-122.07439,36.96237],[-122.07516,36.96237],[-122.07592,36.96236],[-122.07668,36.96236],[-122.07744,36.96236],[-122.0782,36.96235],[-122.07896,36.96235],[-122.07972,36.96234],[-122.08049,36.96234],[-122.08125,36.96234],[-122.08201,36.96233],[-122.08277,36.96233],[-122.08353,36.96233],[-122.08429,36.96232],[-122.08506,36.96232],[-122.08582,36.96232],[-122.08658,36.96231],[-122.08734,36.96231],[-122.08735,36.96292],[-122.08736,36.96354],[-122.08737,36.96415],[-122.08738,36.96476],[-122.08739,36.96538],[-122.0874,36.96599],[-122.08741,36.96661],[-122.08743,36.96722],[-122.08744,36.96783],[-122.08745,36.96845],[-122.08746,36.96906],[-122.08747,36.96967],[-122.08748,36.97029],[-122.08749,36.9709],[-122.08825,36.97089],[-122.08901,36.97089],[-122.08978,36.97088],[-122.09054,36.97088],[-122.0913,36.97087],[-122.09206,36.97086],[-122.09283,36.97086],[-122.09359,36.97085],[-122.09435,36.97085],[-122.09511,36.97084],[-122.09588,36.97084],[-122.09664,36.97083],[-122.0974,36.97082],[-122.09816,36.97082],[-122.09893,36.97081],[-122.09969,36.97081],[-122.10045,36.9708],[-122.10044,36.97017],[-122.10043,36.96954],[-122.10042,36.96891],[-122.10041,36.96829],[-122.1004,36.96766],[-122.10038,36.96703],[-122.10037,36.9664],[-122.10036,36.96577],[-122.10035,36.96514],[-122.10034,36.96452],[-122.10033,36.96389],[-122.10032,36.96326],[-122.10098,36.96348],[-122.10164,36.96371],[-122.1023,36.96393],[-122.10296,36.96416],[-122.10362,36.96439],[-122.10428,36.96461],[-122.10424,36.96523],[-122.1042,36.96584],[-122.10416,36.96646],[-122.10412,36.96708],[-122.10407,36.96769],[-122.10403,36.96831],[-122.10399,36.96893],[-122.10395,36.96954],[-122.10391,36.97016],[-122.10387,36.97078],[-122.10383,36.9714],[-122.10379,36.97201],[-122.10374,36.97263],[-122.1037,36.97325],[-122.10366,36.97386],[-122.10362,36.97448],[-122.10368,36.9751],[-122.10374,36.97573],[-122.1038,36.97635],[-122.10385,36.97697],[-122.10391,36.97759],[-122.10397,36.97822],[-122.10403,36.97884],[-122.10431,36.97926],[-122.10458,36.97969],[-122.10486,36.98011],[-122.10468,36.98059],[-122.10451,36.98107],[-122.10433,36.98155],[-122.1051,36.98162],[-122.10587,36.98168],[-122.10665,36.98175],[-122.10742,36.98182],[-122.10748,36.98124],[-122.10754,36.98067],[-122.10761,36.98009],[-122.10767,36.97952],[-122.10773,36.97894],[-122.10807,36.97852],[-122.10842,36.9781],[-122.10876,36.97769],[-122.1091,36.97727],[-122.10875,36.9769],[-122.10839,36.97654],[-122.10804,36.97617],[-122.10812,36.97563],[-122.10819,36.9751],[-122.10827,36.97456],[-122.10834,36.97402],[-122.10842,36.97348],[-122.10849,36.97295],[-122.10857,36.97241],[-122.10795,36.97236],[-122.10734,36.97231],[-122.10763,36.97174],[-122.10792,36.97117],[-122.10822,36.9706],[-122.10851,36.97002],[-122.1088,36.96945],[-122.10909,36.96888],[-122.10939,36.96831],[-122.10968,36.96774],[-122.11033,36.96799],[-122.11097,36.96823],[-122.11162,36.96848],[-122.11226,36.96873],[-122.11256,36.96821],[-122.11323,36.96848],[-122.1139,36.96874],[-122.11458,36.96901],[-122.11525,36.96927],[-122.11592,36.96954],[-122.11659,36.9698],[-122.11727,36.97007],[-122.11794,36.97033],[-122.11861,36.9706],[-122.11937,36.97073],[-122.12013,36.97085],[-122.12089,36.97098],[-122.12165,36.97111],[-122.1224,36.97123],[-122.12316,36.97136],[-122.12392,36.97149],[-122.12468,36.97161],[-122.12544,36.97174],[-122.12603,36.97214],[-122.12661,36.97255],[-122.1272,36.97295],[-122.12778,36.97335],[-122.12837,36.97376],[-122.12895,36.97416],[-122.12954,36.97457],[-122.13012,36.97497],[-122.13071,36.97537],[-122.13129,36.97578],[-122.13188,36.97618],[-122.13247,36.97658],[-122.13305,36.97699],[-122.13364,36.97739],[-122.13422,36.97779],[-122.13481,36.9782],[-122.13539,36.9786],[-122.13598,36.97901],[-122.13656,36.97941],[-122.13715,36.97981],[-122.13773,36.98022],[-122.13832,36.98062],[-122.13779,36.98103],[-122.13727,36.98143],[-122.13674,36.98184],[-122.13621,36.98224],[-122.13568,36.98264],[-122.13516,36.98305],[-122.13463,36.98345],[-122.1341,36.98386],[-122.13358,36.98427],[-122.13305,36.98467],[-122.13241,36.98483],[-122.13176,36.985],[-122.13111,36.98517],[-122.13047,36.98533],[-122.13037,36.98587],[-122.13027,36.98641],[-122.13017,36.98695],[-122.13007,36.98749],[-122.13063,36.98781],[-122.13119,36.98813],[-122.13175,36.98846],[-122.13231,36.98878],[-122.13286,36.9891],[-122.13342,36.98943],[-122.13398,36.98975],[-122.13454,36.99007],[-122.13409,36.99058],[-122.13364,36.9911],[-122.13319,36.99161],[-122.13274,36.99212],[-122.13229,36.99263],[-122.13184,36.99315],[-122.13139,36.99366],[-122.13091,36.99339],[-122.13043,36.99312],[-122.12995,36.99285],[-122.12954,36.99338],[-122.12913,36.99392],[-122.12873,36.99445],[-122.12832,36.99499],[-122.12791,36.99552],[-122.1275,36.99605],[-122.12709,36.99659],[-122.12669,36.99712],[-122.12628,36.99766],[-122.12587,36.99819],[-122.12546,36.99872],[-122.12505,36.99926],[-122.12465,36.99979],[-122.12424,37.00033],[-122.12383,37.00086],[-122.12376,37.00142],[-122.12369,37.00197],[-122.12362,37.00253],[-122.12356,37.00309],[-122.12349,37.00365],[-122.12342,37.0042],[-122.12335,37.00476],[-122.12269,37.00477],[-122.12203,37.00478],[-122.12137,37.00478],[-122.12071,37.00479],[-122.12071,37.00534],[-122.12072,37.0059],[-122.12072,37.00645],[-122.12073,37.00701],[-122.12073,37.00756]]}},{"type":"Feature","properties":{"step":"scmts"},"geometry":{"type":"LineString","coordinates":[[-122.10809,37.01915],[-122.10825,37.01974],[-122.10841,37.02034],[-122.10856,37.02093],[-122.10872,37.02153],[-122.10888,37.02212],[-122.10904,37.02271],[-122.1092,37.02331],[-122.10935,37.0239],[-122.10951,37.0245],[-122.10967,37.02509],[-122.11041,37.02502],[-122.11114,37.02496],[-122.11188,37.02489],[-122.11261,37.02483],[-122.11335,37.02476],[-122.11409,37.0247],[-122.11482,37.02463],[-122.11556,37.02457],[-122.11629,37.0245],[-122.11703,37.02444],[-122.11777,37.02437],[-122.1185,37.02431],[-122.11924,37.02424],[-122.11997,37.02418],[-122.12071,37.02411],[-122.12126,37.02371],[-122.1218,37.02331],[-122.12235,37.02291],[-122.12295,37.02289],[-122.12354,37.02287],[-122.12413,37.02286],[-122.12473,37.02284],[-122.12469,37.02345],[-122.12465,37.02406],[-122.12461,37.02467],[-122.12457,37.02527],[-122.12454,37.02588],[-122.1245,37.02649],[-122.12446,37.0271],[-122.12442,37.02771],[-122.12438,37.02832],[-122.12434,37.02892],[-122.1243,37.02953],[-122.12426,37.03014],[-122.12423,37.03075],[-122.12419,37.03136],[-122.12415,37.03197],[-122.12411,37.03257],[-122.12407,37.03318],[-122.12403,37.03379],[-122.12399,37.0344],[-122.12395,37.03501],[-122.12392,37.03562],[-122.12388,37.03622],[-122.12384,37.03683],[-122.1238,37.03744],[-122.12376,37.03805],[-122.12379,37.03865],[-122.12382,37.03925],[-122.12384,37.03985],[-122.12387,37.04046],[-122.1239,37.04106],[-122.12393,37.04166],[-122.12396,37.04226],[-122.12398,37.04286],[-122.12401,37.04346],[-122.12404,37.04407],[-122.12407,37.04467],[-122.12409,37.04527],[-122.12412,37.04587],[-122.12415,37.04647],[-122.12418,37.04707],[-122.12421,37.04768],[-122.12423,37.04828],[-122.12426,37.04888],[-122.12429,37.04948],[-122.12353,37.04949],[-122.12278,37.0495],[-122.12202,37.04951],[-122.12127,37.04952],[-122.12051,37.04953],[-122.11975,37.04954],[-122.119,37.04956],[-122.11824,37.04957],[-122.11748,37.04958],[-122.11673,37.04959],[-122.11597,37.0496],[-122.11522,37.04961],[-122.11446,37.04962],[-122.11442,37.04903],[-122.11438,37.04844],[-122.11434,37.04784],[-122.1143,37.04725],[-122.11426,37.04666],[-122.11422,37.04607],[-122.11489,37.04611],[-122.11555,37.04614],[-122.11622,37.04618],[-122.11669,37.04661],[-122.11717,37.04704],[-122.11777,37.04665],[-122.11837,37.04625],[-122.11897,37.04586],[-122.11891,37.04527],[-122.11885,37.04468],[-122.11879,37.04409],[-122.11873,37.04351],[-122.11867,37.04292],[-122.11861,37.04233],[-122.11856,37.04174],[-122.1185,37.04115],[-122.11844,37.04056],[-122.11838,37.03998],[-122.11832,37.03939],[-122.11826,37.0388],[-122.1182,37.03821],[-122.1175,37.03823],[-122.11679,37.03825],[-122.11608,37.03827],[-122.11538,37.03829],[-122.11467,37.03831],[-122.11397,37.03833],[-122.11388,37.03775],[-122.11378,37.03717],[-122.11369,37.03659],[-122.1136,37.036],[-122.11351,37.03542],[-122.11342,37.03484],[-122.11332,37.03426],[-122.11323,37.03368],[-122.11314,37.0331],[-122.11304,37.03251],[-122.11295,37.03193],[-122.11286,37.03135],[-122.11221,37.03135],[-122.11157,37.03136],[-122.11092,37.03136],[-122.11028,37.03137],[-122.10963,37.03137],[-122.10943,37.03093],[-122.10923,37.03048],[-122.10903,37.03003],[-122.10883,37.02959],[-122.10817,37.0294],[-122.10751,37.02921],[-122.10682,37.02935],[-122.10614,37.02949],[-122.10545,37.02963],[-122.10507,37.03001],[-122.10469,37.03039],[-122.10431,37.03078],[-122.10393,37.03116],[-122.10341,37.03069],[-122.1029,37.03022],[-122.10238,37.02975],[-122.10187,37.02928],[-122.10135,37.02881],[-122.10083,37.02834],[-122.10032,37.02787],[-122.0998,37.0274],[-122.10028,37.02692],[-122.10075,37.02643],[-122.10123,37.02595],[-122.10171,37.02547],[-122.10232,37.02571],[-122.10292,37.02595],[-122.10353,37.02618],[-122.10414,37.02642],[-122.10468,37.02624],[-122.10522,37.02607],[-122.10538,37.02548],[-122.10553,37.02488],[-122.10568,37.02428],[-122.10584,37.02369],[-122.106,37.02309],[-122.10615,37.0225],[-122.10587,37.02195],[-122.10559,37.02139],[-122.10531,37.02083],[-122.10503,37.02028],[-122.10564,37.02005],[-122.10625,37.01983],[-122.10687,37.0196],[-122.10748,37.01938],[-122.10809,37.01915]]}},{"type":"Feature","properties":{"step":"scmts"},"geometry":{"type":"LineString","coordinates":[[-122.14066,37.10583],[-122.14038,37.10531],[-122.14009,37.10478],[-122.13981,37.10426],[-122.13952,37.10373],[-122.13924,37.10321],[-122.13854,37.10306],[-122.13784,37.10291],[-122.13715,37.10276],[-122.13645,37.10261],[-122.13575,37.10246],[-122.13505,37.10231],[-122.13435,37.10216],[-122.13365,37.10201],[-122.13296,37.10186],[-122.13226,37.10171],[-122.13156,37.10156],[-122.13145,37.10097],[-122.13134,37.10037],[-122.13123,37.09978],[-122.13112,37.09919],[-122.13101,37.0986],[-122.1309,37.098],[-122.13079,37.09741],[-122.13101,37.097],[-122.13122,37.0966],[-122.13144,37.09619],[-122.13205,37.09618],[-122.13267,37.09618],[-122.13329,37.09617],[-122.1339,37.09616],[-122.13391,37.09557],[-122.13392,37.09498],[-122.13393,37.0944],[-122.13394,37.09381],[-122.13394,37.09322],[-122.13395,37.09263],[-122.13396,37.09205],[-122.13397,37.09146],[-122.13329,37.09146],[-122.1326,37.09146],[-122.13192,37.09146],[-122.13124,37.09147],[-122.13056,37.09147],[-122.12987,37.09147],[-122.12919,37.09147],[-122.12918,37.09091],[-122.12918,37.09034],[-122.12917,37.08978],[-122.12916,37.08921],[-122.12915,37.08865],[-122.12915,37.08808],[-122.12914,37.08752],[-122.12836,37.08752],[-122.12758,37.08752],[-122.1268,37.08752],[-122.12602,37.08752],[-122.12524,37.08752],[-122.12446,37.08752],[-122.12368,37.08752],[-122.1229,37.08752],[-122.12212,37.08752],[-122.12134,37.08753],[-122.12056,37.08753],[-122.11978,37.08753],[-122.119,37.08753],[-122.11822,37.08753],[-122.11744,37.08753],[-122.11666,37.08753],[-122.11588,37.08753],[-122.1151,37.08753],[-122.11511,37.08693],[-122.11511,37.08633],[-122.11512,37.08572],[-122.11513,37.08512],[-122.11513,37.08452],[-122.11514,37.08392],[-122.1145,37.08393],[-122.11387,37.08394],[-122.11323,37.08394],[-122.1126,37.08395],[-122.11196,37.08396],[-122.11194,37.08341],[-122.11192,37.08287],[-122.1119,37.08232],[-122.11189,37.08178],[-122.11187,37.08123],[-122.11185,37.08069],[-122.11183,37.08014],[-122.1111,37.08015],[-122.11038,37.08016],[-122.10965,37.08017],[-122.10893,37.08018],[-122.1082,37.0802],[-122.10748,37.08021],[-122.10675,37.08022],[-122.10603,37.08023],[-122.1053,37.08024],[-122.10531,37.08058],[-122.10531,37.08091],[-122.10476,37.08109],[-122.1042,37.08126],[-122.10408,37.08066],[-122.10395,37.08005],[-122.10383,37.07944],[-122.10371,37.07884],[-122.10359,37.07823],[-122.10346,37.07763],[-122.10334,37.07702],[-122.10322,37.07642],[-122.10389,37.0764],[-122.10457,37.07638],[-122.10524,37.07636],[-122.10523,37.0758],[-122.10522,37.07524],[-122.10521,37.07468],[-122.10521,37.07412],[-122.1052,37.07356],[-122.10519,37.073],[-122.10518,37.07244],[-122.1044,37.07246],[-122.10361,37.07249],[-122.10283,37.07251],[-122.10205,37.07253],[-122.10126,37.07256],[-122.10048,37.07258],[-122.0999,37.07221],[-122.09931,37.07183],[-122.09873,37.07146],[-122.09814,37.07109],[-122.09755,37.07071],[-122.09697,37.07034],[-122.09676,37.06975],[-122.09654,37.06917],[-122.09633,37.06858],[-122.09557,37.0686],[-122.09482,37.06862],[-122.09406,37.06864],[-122.0933,37.06865],[-122.09254,37.06867],[-122.09179,37.06869],[-122.09103,37.06871],[-122.09101,37.06815],[-122.091,37.0676],[-122.09098,37.06704],[-122.09097,37.06649],[-122.09095,37.06593],[-122.09094,37.06538],[-122.09092,37.06482],[-122.09016,37.06483],[-122.0894,37.06483],[-122.08864,37.06484],[-122.08788,37.06484],[-122.08712,37.06485],[-122.08711,37.06427],[-122.0871,37.0637],[-122.0871,37.06312],[-122.08709,37.06255],[-122.08708,37.06197],[-122.0865,37.06196],[-122.08627,37.06136],[-122.08604,37.06077],[-122.08582,37.06017],[-122.08559,37.05958],[-122.08536,37.05898],[-122.08487,37.05856],[-122.08438,37.05814],[-122.08389,37.05772],[-122.0834,37.0573],[-122.08291,37.05688],[-122.08234,37.05669],[-122.08178,37.0565],[-122.08121,37.05631],[-122.08061,37.05653],[-122.08002,37.05674],[-122.08003,37.05613],[-122.08004,37.05553],[-122.08005,37.05492],[-122.08006,37.05432],[-122.08006,37.05372],[-122.08007,37.05311],[-122.08008,37.05251],[-122.08009,37.0519],[-122.08074,37.05165],[-122.08139,37.0514],[-122.08109,37.05098],[-122.08078,37.05055],[-122.0814,37.05027],[-122.08201,37.04999],[-122.08263,37.04972],[-122.08324,37.04944],[-122.08382,37.04957],[-122.0844,37.04969],[-122.08498,37.04982],[-122.08556,37.04995],[-122.0859,37.04969],[-122.08625,37.04944],[-122.08701,37.04944],[-122.08777,37.04945],[-122.08853,37.04945],[-122.08929,37.04945],[-122.09005,37.04946],[-122.09081,37.04946],[-122.09085,37.05002],[-122.09088,37.05058],[-122.09092,37.05114],[-122.09095,37.05171],[-122.09099,37.05227],[-122.09102,37.05283],[-122.09106,37.05339],[-122.09181,37.05339],[-122.09257,37.05339],[-122.09332,37.05339],[-122.09408,37.05339],[-122.09483,37.05338],[-122.09559,37.05338],[-122.09634,37.05338],[-122.09709,37.05338],[-122.09785,37.05338],[-122.0986,37.05338],[-122.09936,37.05338],[-122.10011,37.05338],[-122.10086,37.05338],[-122.10162,37.05338],[-122.10237,37.05337],[-122.10313,37.05337],[-122.10388,37.05337],[-122.10464,37.05337],[-122.10539,37.05337],[-122.10538,37.05281],[-122.10537,37.05225],[-122.10536,37.05169],[-122.10534,37.05114],[-122.10533,37.05058],[-122.10532,37.05002],[-122.10531,37.04946],[-122.10607,37.04947],[-122.10684,37.04949],[-122.1076,37.0495],[-122.10836,37.04951],[-122.10912,37.04953],[-122.10988,37.04954],[-122.11065,37.04955],[-122.11141,37.04957],[-122.11217,37.04958],[-122.11293,37.04959],[-122.1137,37.04961],[-122.11446,37.04962],[-122.1145,37.05016],[-122.11453,37.0507],[-122.11457,37.05124],[-122.1146,37.05177],[-122.11464,37.05231],[-122.11467,37.05285],[-122.11471,37.05339],[-122.11403,37.05339],[-122.11334,37.05339],[-122.11266,37.05339],[-122.11198,37.05338],[-122.1113,37.05338],[-122.11061,37.05338],[-122.10993,37.05338],[-122.10994,37.05394],[-122.10995,37.05449],[-122.10996,37.05505],[-122.10996,37.0556],[-122.10997,37.05616],[-122.10998,37.05671],[-122.10999,37.05727],[-122.11072,37.05727],[-122.11146,37.05727],[-122.11219,37.05727],[-122.11293,37.05727],[-122.11366,37.05727],[-122.1144,37.05727],[-122.11513,37.05726],[-122.11587,37.05726],[-122.1166,37.05726],[-122.11734,37.05726],[-122.11807,37.05726],[-122.11881,37.05726],[-122.11954,37.05726],[-122.11955,37.05784],[-122.11956,37.05842],[-122.11958,37.059],[-122.11959,37.05959],[-122.1196,37.06017],[-122.11961,37.06075],[-122.11963,37.06133],[-122.11964,37.06191],[-122.11965,37.06249],[-122.11966,37.06308],[-122.11968,37.06366],[-122.11969,37.06424],[-122.1197,37.06482],[-122.11902,37.06482],[-122.11833,37.06482],[-122.11765,37.06482],[-122.11697,37.06481],[-122.11629,37.06481],[-122.1156,37.06481],[-122.11492,37.06481],[-122.11496,37.06535],[-122.115,37.0659],[-122.11504,37.06644],[-122.11508,37.06699],[-122.11512,37.06753],[-122.11516,37.06808],[-122.1152,37.06862],[-122.11595,37.06862],[-122.1167,37.06862],[-122.11745,37.06861],[-122.1182,37.06861],[-122.11895,37.06861],[-122.11971,37.06861],[-122.12046,37.06861],[-122.12121,37.06861],[-122.12196,37.0686],[-122.12271,37.0686],[-122.12346,37.0686],[-122.12373,37.06905],[-122.124,37.06951],[-122.12427,37.06996],[-122.12454,37.07041],[-122.12456,37.07103],[-122.12458,37.07165],[-122.1246,37.07227],[-122.12462,37.07289],[-122.12526,37.07289],[-122.12591,37.07289],[-122.12591,37.0734],[-122.12591,37.07391],[-122.1259,37.07443],[-122.1259,37.07494],[-122.12663,37.07497],[-122.12736,37.075],[-122.12809,37.07503],[-122.12881,37.07505],[-122.12954,37.07508],[-122.13027,37.07511],[-122.131,37.07514],[-122.13044,37.0752],[-122.12988,37.07525],[-122.12986,37.07583],[-122.12985,37.07641],[-122.13046,37.07642],[-122.13107,37.07643],[-122.13168,37.07644],[-122.13166,37.07699],[-122.13165,37.07753],[-122.13221,37.07779],[-122.13276,37.07804],[-122.13332,37.0783],[-122.1334,37.07891],[-122.13348,37.07952],[-122.13356,37.08012],[-122.13363,37.08073],[-122.13371,37.08134],[-122.13379,37.08195],[-122.13387,37.08255],[-122.13395,37.08316],[-122.13402,37.08377],[-122.1341,37.08438],[-122.13418,37.08498],[-122.13426,37.08559],[-122.13461,37.08611],[-122.13496,37.08663],[-122.13531,37.08715],[-122.13565,37.08767],[-122.136,37.08818],[-122.13635,37.0887],[-122.1367,37.08922],[-122.13705,37.08974],[-122.13679,37.09029],[-122.13654,37.09083],[-122.13628,37.09138],[-122.13627,37.092],[-122.13626,37.09261],[-122.13625,37.09323],[-122.13623,37.09384],[-122.13622,37.09446],[-122.13621,37.09508],[-122.1362,37.09569],[-122.13619,37.09631],[-122.13617,37.09692],[-122.13616,37.09754],[-122.13615,37.09815],[-122.13614,37.09877],[-122.13674,37.09917],[-122.13735,37.09958],[-122.13795,37.09998],[-122.13855,37.10038],[-122.13916,37.10079],[-122.13976,37.10119],[-122.14044,37.1012],[-122.14111,37.10121],[-122.14179,37.10123],[-122.14247,37.10124],[-122.14206,37.10176],[-122.14166,37.10227],[-122.14125,37.10279],[-122.14085,37.1033],[-122.14044,37.10382],[-122.14086,37.10423],[-122.14129,37.10464],[-122.14171,37.10504],[-122.14214,37.10545],[-122.14256,37.10586],[-122.14193,37.10585],[-122.14129,37.10584],[-122.14066,37.10583]]}},{"type":"Feature","properties":{"step":"scmts"},"geometry":{"type":"LineString","coordinates":[[-122.07389,37.02376],[-122.07359,37.02426],[-122.07329,37.02476],[-122.073,37.02526],[-122.0727,37.02576],[-122.0724,37.02626],[-122.07184,37.02596],[-122.07128,37.02567],[-122.07072,37.02537],[-122.07017,37.02507],[-122.06961,37.02478],[-122.06905,37.02448],[-122.0686,37.02497],[-122.06815,37.02547],[-122.06769,37.02596],[-122.06724,37.02646],[-122.06679,37.02695],[-122.06634,37.02745],[-122.06589,37.02794],[-122.06543,37.02844],[-122.06498,37.02893],[-122.06453,37.02943],[-122.06408,37.02992],[-122.06363,37.03042],[-122.06318,37.03091],[-122.06272,37.03141],[-122.06227,37.0319],[-122.06182,37.0324],[-122.06137,37.03289],[-122.06092,37.03339],[-122.06046,37.03388],[-122.06001,37.03438],[-122.05956,37.03487],[-122.06019,37.03523],[-122.06083,37.0356],[-122.06146,37.03596],[-122.06209,37.03632],[-122.06272,37.03668],[-122.06336,37.03705],[-122.06399,37.03741],[-122.06415,37.03797],[-122.06431,37.03852],[-122.06446,37.03908],[-122.06462,37.03964],[-122.06534,37.03962],[-122.06606,37.0396],[-122.06678,37.03959],[-122.0675,37.03957],[-122.06822,37.03955],[-122.06879,37.03981],[-122.06935,37.04008],[-122.06992,37.04034],[-122.07023,37.04082],[-122.07054,37.0413],[-122.07084,37.04178],[-122.07115,37.04226],[-122.07189,37.0423],[-122.07262,37.04235],[-122.07276,37.04296],[-122.0729,37.04357],[-122.07304,37.04417],[-122.07318,37.04478],[-122.07332,37.04539],[-122.07271,37.04539],[-122.07211,37.04539],[-122.07199,37.046],[-122.07186,37.04661],[-122.07174,37.04722],[-122.071,37.04739],[-122.07026,37.04756],[-122.06951,37.04773],[-122.06877,37.0479],[-122.06803,37.04807],[-122.06728,37.04824],[-122.06654,37.04841],[-122.0658,37.04858],[-122.0652,37.04821],[-122.06584,37.04793],[-122.06649,37.04765],[-122.06713,37.04736],[-122.06778,37.04708],[-122.06844,37.04704],[-122.06911,37.047],[-122.06977,37.04697],[-122.07043,37.04693],[-122.07074,37.04642],[-122.07105,37.04592],[-122.07136,37.04542],[-122.07167,37.04491],[-122.07111,37.04455],[-122.07056,37.04419],[-122.07,37.04383],[-122.06928,37.04391],[-122.06857,37.04399],[-122.06785,37.04407],[-122.06713,37.04415],[-122.06642,37.04423],[-122.0657,37.04431],[-122.06499,37.04439],[-122.06427,37.04447],[-122.06411,37.04393],[-122.06395,37.04339],[-122.06379,37.04286],[-122.06363,37.04232],[-122.06346,37.04178],[-122.0633,37.04125],[-122.06314,37.04071],[-122.06298,37.04017],[-122.06241,37.03983],[-122.06184,37.03948],[-122.06126,37.03914],[-122.06069,37.03879],[-122.06012,37.03845],[-122.05982,37.03793],[-122.05952,37.0374],[-122.05922,37.03688],[-122.05892,37.03636],[-122.05842,37.03684],[-122.05792,37.03731],[-122.05742,37.03779],[-122.05692,37.03827],[-122.05642,37.03874],[-122.05592,37.03922],[-122.05542,37.0397],[-122.05493,37.04017],[-122.05443,37.04065],[-122.05393,37.04112],[-122.05343,37.0416],[-122.05293,37.04208],[-122.05243,37.04255],[-122.05193,37.04303],[-122.05121,37.0428],[-122.0505,37.04256],[-122.04978,37.04233],[-122.04906,37.0421],[-122.04835,37.04186],[-122.04763,37.04163],[-122.04691,37.0414],[-122.0462,37.04116],[-122.04548,37.04093],[-122.04511,37.04042],[-122.04474,37.0399],[-122.04436,37.03939],[-122.04399,37.03887],[-122.04362,37.03836],[-122.04325,37.03784],[-122.04287,37.03733],[-122.0425,37.03681],[-122.04213,37.0363],[-122.04192,37.0357],[-122.0417,37.0351],[-122.04149,37.0345],[-122.04128,37.0339],[-122.04107,37.0333],[-122.04085,37.0327],[-122.04064,37.0321],[-122.04043,37.0315],[-122.04022,37.0309],[-122.04,37.0303],[-122.03979,37.0297],[-122.03958,37.0291],[-122.03936,37.0285],[-122.03915,37.0279],[-122.03894,37.0273],[-122.03873,37.0267],[-122.03851,37.0261],[-122.0383,37.02549],[-122.03809,37.02489],[-122.03787,37.02429],[-122.03766,37.02369],[-122.03745,37.02309],[-122.03724,37.02249],[-122.03702,37.02189],[-122.03681,37.02129],[-122.0366,37.02069],[-122.03638,37.02009],[-122.03617,37.01949],[-122.03596,37.01889],[-122.03575,37.01829],[-122.03553,37.01769],[-122.03532,37.01709],[-122.03511,37.01649],[-122.0349,37.01589],[-122.03468,37.01529],[-122.03447,37.01469],[-122.03518,37.01458],[-122.0359,37.01448],[-122.03661,37.01437],[-122.03733,37.01427],[-122.03804,37.01416],[-122.03876,37.01405],[-122.03947,37.01395],[-122.04019,37.01384],[-122.0409,37.01374],[-122.04162,37.01363],[-122.04233,37.01353],[-122.04305,37.01342],[-122.04374,37.01312],[-122.04443,37.01282],[-122.04512,37.01252],[-122.04581,37.01222],[-122.0465,37.01192],[-122.04719,37.01162],[-122.04787,37.01132],[-122.04856,37.01101],[-122.04925,37.01071],[-122.04994,37.01041],[-122.05063,37.01011],[-122.05132,37.00981],[-122.05201,37.00951],[-122.0527,37.00921],[-122.05347,37.00927],[-122.05425,37.00934],[-122.05502,37.0094],[-122.0558,37.00947],[-122.05657,37.00953],[-122.05735,37.0096],[-122.05812,37.00966],[-122.0589,37.00973],[-122.05967,37.00979],[-122.06033,37.01007],[-122.06098,37.01036],[-122.06164,37.01064],[-122.0623,37.01093],[-122.06296,37.01121],[-122.06361,37.0115],[-122.06427,37.01178],[-122.06493,37.01207],[-122.06559,37.01235],[-122.06624,37.01264],[-122.0669,37.01292],[-122.06728,37.01342],[-122.06767,37.01391],[-122.06805,37.01441],[-122.06843,37.0149],[-122.06881,37.0154],[-122.06919,37.0159],[-122.06958,37.01639],[-122.06996,37.01689],[-122.06994,37.01751],[-122.06992,37.01813],[-122.0699,37.01875],[-122.06988,37.01937],[-122.06986,37.01999],[-122.06984,37.02062],[-122.06982,37.02124],[-122.0698,37.02186],[-122.06978,37.02248],[-122.06976,37.0231],[-122.06974,37.02372],[-122.07043,37.02373],[-122.07112,37.02373],[-122.07182,37.02374],[-122.07251,37.02375],[-122.0732,37.02375],[-122.07389,37.02376]]}},{"type":"Feature","properties":{"step":"elkhorn"},"geometry":{"type":"LineString","coordinates":[[-121.75378,36.80479],[-121.75374,36.80425],[-121.7537,36.80371],[-121.75367,36.80317],[-121.75363,36.80263],[-121.75359,36.80209],[-121.75355,36.80155],[-121.75426,36.80172],[-121.75497,36.8019],[-121.75568,36.80207],[-121.75639,36.80224],[-121.7571,36.80242],[-121.75781,36.80259],[-121.75852,36.80276],[-121.75923,36.80294],[-121.75994,36.80311],[-121.76065,36.80328],[-121.76136,36.80346],[-121.76207,36.80363],[-121.76195,36.80422],[-121.76182,36.80481],[-121.7617,36.8054],[-121.76158,36.80599],[-121.76145,36.80657],[-121.76133,36.80716],[-121.76121,36.80775],[-121.76108,36.80834],[-121.76096,36.80893],[-121.76083,36.80952],[-121.76071,36.81011],[-121.76059,36.8107],[-121.76046,36.81128],[-121.76034,36.81187],[-121.76022,36.81246],[-121.76009,36.81305],[-121.75997,36.81364],[-121.75927,36.81374],[-121.75856,36.81384],[-121.75786,36.81395],[-121.75715,36.81405],[-121.75645,36.81415],[-121.75574,36.81425],[-121.75504,36.81436],[-121.75433,36.81446],[-121.75363,36.81456],[-121.75361,36.81401],[-121.75358,36.81345],[-121.75356,36.8129],[-121.75292,36.81295],[-121.75229,36.813],[-121.75165,36.81304],[-121.75101,36.81309],[-121.75041,36.8134],[-121.74981,36.81371],[-121.74921,36.81402],[-121.74861,36.81433],[-121.74801,36.81464],[-121.74742,36.81495],[-121.74682,36.81526],[-121.74622,36.81557],[-121.74562,36.81588],[-121.74502,36.81619],[-121.74481,36.81677],[-121.74459,36.81735],[-121.74438,36.81793],[-121.74417,36.81851],[-121.74395,36.81909],[-121.74374,36.81967],[-121.74353,36.82025],[-121.74332,36.82083],[-121.7431,36.82141],[-121.74289,36.82199],[-121.74268,36.82257],[-121.74246,36.82315],[-121.74225,36.82373],[-121.74204,36.82431],[-121.74182,36.82489],[-121.74161,36.82547],[-121.7414,36.82605],[-121.74119,36.82663],[-121.74097,36.82721],[-121.74076,36.82779],[-121.74055,36.82837],[-121.74033,36.82895],[-121.74012,36.82953],[-121.74067,36.82959],[-121.74045,36.83006],[-121.74024,36.83053],[-121.74002,36.831],[-121.74023,36.83158],[-121.74045,36.83216],[-121.74066,36.83274],[-121.74088,36.83332],[-121.74109,36.8339],[-121.7413,36.83448],[-121.74152,36.83506],[-121.74173,36.83564],[-121.74195,36.83622],[-121.74216,36.8368],[-121.74156,36.83698],[-121.74096,36.83716],[-121.74036,36.83734],[-121.74012,36.83678],[-121.73988,36.83623],[-121.73964,36.83567],[-121.7394,36.83512],[-121.73916,36.83456],[-121.73892,36.83401],[-121.73893,36.83346],[-121.73894,36.83291],[-121.73895,36.83236],[-121.73896,36.83181],[-121.73897,36.83126],[-121.73898,36.83071],[-121.73899,36.83016],[-121.73921,36.82957],[-121.73942,36.82898],[-121.73964,36.82839],[-121.73985,36.82779],[-121.74007,36.8272],[-121.74029,36.82661],[-121.7405,36.82602],[-121.74072,36.82543],[-121.74093,36.82484],[-121.74115,36.82425],[-121.74137,36.82366],[-121.74158,36.82306],[-121.7418,36.82247],[-121.74201,36.82188],[-121.74223,36.82129],[-121.74245,36.8207],[-121.74266,36.82011],[-121.74288,36.81952],[-121.74309,36.81892],[-121.74331,36.81833],[-121.74352,36.81774],[-121.74374,36.81715],[-121.74396,36.81656],[-121.74417,36.81597],[-121.74439,36.81538],[-121.7446,36.81478],[-121.74482,36.81419],[-121.74504,36.8136],[-121.74525,36.81301],[-121.74547,36.81242],[-121.74568,36.81183],[-121.7459,36.81124],[-121.74612,36.81065],[-121.74633,36.81005],[-121.74655,36.80946],[-121.74676,36.80887],[-121.74698,36.80828],[-121.74767,36.80844],[-121.74836,36.80859],[-121.74903,36.80832],[-121.7497,36.80804],[-121.75036,36.80777],[-121.75103,36.80749],[-121.75149,36.80704],[-121.75195,36.80659],[-121.75241,36.80614],[-121.75286,36.80569],[-121.75332,36.80524],[-121.75378,36.80479]]}},{"type":"Feature","properties":{"step":"elkhorn"},"geometry":{"type":"LineString","coordinates":[[-121.72655,36.81],[-121.72716,36.80965],[-121.72777,36.8093],[-121.72839,36.80895],[-121.729,36.80859],[-121.72961,36.80824],[-121.73022,36.80789],[-121.72995,36.8074],[-121.72968,36.80691],[-121.72942,36.80641],[-121.72915,36.80592],[-121.72888,36.80543],[-121.72842,36.80577],[-121.72795,36.8061],[-121.72749,36.80644],[-121.72743,36.8061],[-121.72737,36.80575],[-121.72785,36.80541],[-121.72832,36.80506],[-121.7288,36.80472],[-121.72928,36.80437],[-121.72973,36.80475],[-121.73018,36.80513],[-121.73063,36.80551],[-121.73061,36.80508],[-121.73059,36.80466],[-121.73057,36.80423],[-121.73001,36.80399],[-121.72944,36.80375],[-121.73014,36.80351],[-121.73084,36.80327],[-121.73154,36.80304],[-121.73224,36.8028],[-121.73294,36.80256],[-121.73261,36.80207],[-121.73228,36.80159],[-121.73196,36.8011],[-121.73163,36.80062],[-121.7313,36.80013],[-121.73194,36.80038],[-121.73259,36.80063],[-121.73323,36.80087],[-121.73388,36.80112],[-121.73452,36.80137],[-121.73501,36.80181],[-121.73551,36.80225],[-121.736,36.80269],[-121.73612,36.8021],[-121.73625,36.8015],[-121.73637,36.80091],[-121.73665,36.80133],[-121.73693,36.80175],[-121.73721,36.80218],[-121.73749,36.8026],[-121.73816,36.80267],[-121.73883,36.80274],[-121.7395,36.80281],[-121.74016,36.80289],[-121.74083,36.80296],[-121.7415,36.80303],[-121.74153,36.80246],[-121.74156,36.8019],[-121.74227,36.80183],[-121.74297,36.80176],[-121.74368,36.80169],[-121.74439,36.80162],[-121.74509,36.80155],[-121.7458,36.80148],[-121.74554,36.80103],[-121.74528,36.80059],[-121.7458,36.80096],[-121.74632,36.80134],[-121.74685,36.80172],[-121.74737,36.80209],[-121.74783,36.80204],[-121.74829,36.802],[-121.74859,36.80253],[-121.7489,36.80305],[-121.74868,36.80364],[-121.74846,36.80423],[-121.74824,36.80483],[-121.74802,36.80542],[-121.74779,36.80601],[-121.74757,36.8066],[-121.74735,36.80719],[-121.74713,36.80778],[-121.74691,36.80838],[-121.74669,36.80897],[-121.74647,36.80956],[-121.74625,36.81015],[-121.74603,36.81074],[-121.74581,36.81133],[-121.74558,36.81193],[-121.74536,36.81252],[-121.74514,36.81311],[-121.74492,36.8137],[-121.7447,36.81429],[-121.74448,36.81488],[-121.74426,36.81548],[-121.74404,36.81607],[-121.74382,36.81666],[-121.74359,36.81725],[-121.74337,36.81784],[-121.74315,36.81843],[-121.74293,36.81903],[-121.74271,36.81962],[-121.74249,36.82021],[-121.74227,36.8208],[-121.74205,36.82139],[-121.74183,36.82198],[-121.7416,36.82258],[-121.74138,36.82317],[-121.74116,36.82376],[-121.74094,36.82435],[-121.74072,36.82494],[-121.7405,36.82553],[-121.74028,36.82613],[-121.74006,36.82672],[-121.73984,36.82731],[-121.73962,36.8279],[-121.73939,36.82849],[-121.73917,36.82908],[-121.73895,36.82968],[-121.73873,36.83027],[-121.73851,36.83086],[-121.73861,36.83148],[-121.73871,36.83209],[-121.73882,36.83271],[-121.73892,36.83333],[-121.73902,36.83394],[-121.73912,36.83456],[-121.73923,36.83518],[-121.73933,36.83579],[-121.73943,36.83641],[-121.73987,36.83687],[-121.74032,36.83732],[-121.74076,36.83778],[-121.74121,36.83823],[-121.74165,36.83868],[-121.74209,36.83914],[-121.74254,36.8396],[-121.74298,36.84005],[-121.74343,36.84051],[-121.74387,36.84096],[-121.74347,36.84137],[-121.74306,36.84177],[-121.74266,36.84218],[-121.74225,36.84258],[-121.74185,36.84299],[-121.74133,36.84265],[-121.74081,36.84231],[-121.74029,36.84198],[-121.73977,36.84164],[-121.73925,36.8413],[-121.73873,36.84096],[-121.73804,36.8407],[-121.73735,36.84045],[-121.73667,36.8402],[-121.73598,36.83994],[-121.73529,36.83969],[-121.7346,36.83943],[-121.73421,36.83901],[-121.73382,36.83858],[-121.73343,36.83816],[-121.73304,36.83774],[-121.73265,36.83731],[-121.73226,36.83689],[-121.73247,36.8363],[-121.73268,36.8357],[-121.7329,36.83511],[-121.73311,36.83452],[-121.73332,36.83393],[-121.73353,36.83333],[-121.73374,36.83274],[-121.73395,36.83215],[-121.73417,36.83156],[-121.73438,36.83096],[-121.73459,36.83037],[-121.73414,36.82987],[-121.7337,36.82937],[-121.73325,36.82887],[-121.73281,36.82837],[-121.73237,36.82787],[-121.73192,36.82737],[-121.73202,36.82675],[-121.73212,36.82613],[-121.73222,36.82551],[-121.7316,36.82527],[-121.73099,36.82503],[-121.73037,36.82479],[-121.72975,36.82455],[-121.72914,36.82431],[-121.72852,36.82407],[-121.72887,36.82353],[-121.72923,36.82299],[-121.72958,36.82246],[-121.72994,36.82192],[-121.73029,36.82138],[-121.72969,36.82122],[-121.7291,36.82105],[-121.7285,36.82089],[-121.7279,36.82073],[-121.72858,36.82051],[-121.72927,36.8203],[-121.72995,36.82008],[-121.73004,36.81964],[-121.73013,36.81921],[-121.7297,36.81879],[-121.72927,36.81836],[-121.72884,36.81794],[-121.72841,36.81751],[-121.72798,36.81709],[-121.72755,36.81666],[-121.72712,36.81624],[-121.72641,36.81611],[-121.7257,36.81598],[-121.72499,36.81585],[-121.72428,36.81572],[-121.72357,36.81559],[-121.72286,36.81546],[-121.72215,36.81533],[-121.72144,36.8152],[-121.72073,36.81507],[-121.72145,36.81498],[-121.72217,36.81489],[-121.72289,36.81479],[-121.72361,36.8147],[-121.72432,36.81461],[-121.72504,36.81452],[-121.72576,36.81442],[-121.72648,36.81433],[-121.7272,36.81424],[-121.72711,36.81363],[-121.72701,36.81303],[-121.72692,36.81242],[-121.72683,36.81182],[-121.72674,36.81121],[-121.72664,36.81061],[-121.72655,36.81]]}},{"type":"Feature","properties":{"step":"bigsur"},"geometry":{"type":"LineString","coordinates":[[-121.89523,36.53573],[-121.89509,36.53513],[-121.89494,36.53454],[-121.8948,36.53394],[-121.89465,36.53334],[-121.89451,36.53274],[-121.89436,36.53215],[-121.89422,36.53155],[-121.89407,36.53095],[-121.89393,36.53036],[-121.89378,36.52976],[-121.89364,36.52916],[-121.89349,36.52856],[-121.89335,36.52797],[-121.8932,36.52737],[-121.89306,36.52677],[-121.89291,36.52618],[-121.89277,36.52558],[-121.89262,36.52498],[-121.89248,36.52438],[-121.89233,36.52379],[-121.89219,36.52319],[-121.89271,36.52312],[-121.89323,36.52304],[-121.89309,36.52246],[-121.89295,36.52188],[-121.89282,36.5213],[-121.89268,36.52073],[-121.89254,36.52015],[-121.8924,36.51957],[-121.89226,36.51899],[-121.89213,36.51841],[-121.89199,36.51783],[-121.89185,36.51725],[-121.89171,36.51667],[-121.89157,36.5161],[-121.89144,36.51552],[-121.8913,36.51494],[-121.89116,36.51436],[-121.89053,36.51416],[-121.88991,36.51396],[-121.88928,36.51376],[-121.88908,36.5132],[-121.88888,36.51263],[-121.88868,36.51207],[-121.88813,36.51172],[-121.88758,36.51138],[-121.88702,36.51103],[-121.88647,36.51068],[-121.88592,36.51034],[-121.88537,36.50999],[-121.88481,36.50964],[-121.88426,36.5093],[-121.88371,36.50895],[-121.88301,36.50907],[-121.88231,36.50919],[-121.88162,36.50931],[-121.88092,36.50943],[-121.88065,36.5089],[-121.88038,36.50837],[-121.88011,36.50784],[-121.87948,36.50769],[-121.87886,36.50753],[-121.87823,36.50738],[-121.8776,36.50722],[-121.87698,36.50706],[-121.87635,36.50691],[-121.87617,36.50631],[-121.87599,36.50572],[-121.8758,36.50512],[-121.87562,36.50453],[-121.87544,36.50393],[-121.87479,36.50359],[-121.87414,36.50326],[-121.87349,36.50292],[-121.87284,36.50258],[-121.87219,36.50224],[-121.87154,36.50191],[-121.87089,36.50157],[-121.87023,36.50123],[-121.86958,36.5009],[-121.86893,36.50056],[-121.86828,36.50022],[-121.86763,36.49988],[-121.86698,36.49955],[-121.86633,36.49921],[-121.86562,36.499],[-121.86491,36.49879],[-121.8642,36.49858],[-121.8635,36.49837],[-121.86279,36.49816],[-121.86208,36.49795],[-121.8627,36.49765],[-121.86332,36.49734],[-121.86393,36.49704],[-121.86455,36.49673],[-121.86517,36.49643],[-121.86579,36.49613],[-121.8664,36.49582],[-121.86702,36.49552],[-121.86764,36.49522],[-121.86826,36.49491],[-121.86887,36.49461],[-121.86949,36.4943],[-121.87011,36.494],[-121.87061,36.49441],[-121.8711,36.49482],[-121.8716,36.49524],[-121.8721,36.49565],[-121.87259,36.49606],[-121.87309,36.49647],[-121.87359,36.49688],[-121.87409,36.4973],[-121.87458,36.49771],[-121.87508,36.49812],[-121.87508,36.49766],[-121.87509,36.49719],[-121.87456,36.49677],[-121.87404,36.49635],[-121.87351,36.49593],[-121.87299,36.49551],[-121.87246,36.49509],[-121.87193,36.49467],[-121.87141,36.49425],[-121.87088,36.49383],[-121.87036,36.49341],[-121.86983,36.49299],[-121.86931,36.49257],[-121.86878,36.49215],[-121.86825,36.49173],[-121.86773,36.49131],[-121.8672,36.49089],[-121.86668,36.49047],[-121.86615,36.49005],[-121.86691,36.49004],[-121.86768,36.49004],[-121.86844,36.49003],[-121.8692,36.49003],[-121.86997,36.49003],[-121.87073,36.49002],[-121.87074,36.48941],[-121.87075,36.48881],[-121.87076,36.4882],[-121.87077,36.48759],[-121.87079,36.48699],[-121.8708,36.48638],[-121.87081,36.48577],[-121.87082,36.48517],[-121.87083,36.48456],[-121.87084,36.48395],[-121.87085,36.48335],[-121.87086,36.48274],[-121.87087,36.48213],[-121.87089,36.48153],[-121.8709,36.48092],[-121.87091,36.48031],[-121.87092,36.47971],[-121.87093,36.4791],[-121.87066,36.47858],[-121.87039,36.47806],[-121.87012,36.47754],[-121.86986,36.47703],[-121.86959,36.47651],[-121.86932,36.47599],[-121.86905,36.47547],[-121.86831,36.47549],[-121.86758,36.47551],[-121.86684,36.47554],[-121.8661,36.47556],[-121.86537,36.47558],[-121.86463,36.4756],[-121.86389,36.47562],[-121.86315,36.47565],[-121.86242,36.47567],[-121.86168,36.47569],[-121.8617,36.47507],[-121.86173,36.47445],[-121.86175,36.47383],[-121.86178,36.47321],[-121.8618,36.47259],[-121.86183,36.47197],[-121.86185,36.47135],[-121.86187,36.47073],[-121.8619,36.47011],[-121.86192,36.46949],[-121.86195,36.46887],[-121.86197,36.46825],[-121.862,36.46763],[-121.86202,36.46701],[-121.86205,36.46639],[-121.86207,36.46577],[-121.86209,36.46515],[-121.86212,36.46453],[-121.86214,36.46391],[-121.86217,36.46329],[-121.86219,36.46267],[-121.86222,36.46205],[-121.86224,36.46143],[-121.86293,36.46117],[-121.86362,36.4609],[-121.86431,36.46064],[-121.86467,36.46012],[-121.86502,36.4596],[-121.86538,36.45907],[-121.86574,36.45855],[-121.86609,36.45803],[-121.86645,36.4575],[-121.8668,36.45698],[-121.86716,36.45646],[-121.86776,36.45614],[-121.86836,36.45583],[-121.86895,36.45551],[-121.86955,36.4552],[-121.87015,36.45488],[-121.87038,36.45447],[-121.87061,36.45406],[-121.87084,36.45365],[-121.87072,36.45312],[-121.87059,36.4526],[-121.87047,36.45207],[-121.87034,36.45155],[-121.87022,36.45102],[-121.86987,36.45055],[-121.86952,36.45009],[-121.86917,36.44962],[-121.86882,36.44915],[-121.86827,36.44912],[-121.86772,36.44909],[-121.86717,36.44906],[-121.86684,36.44866],[-121.86651,36.44826],[-121.86617,36.44786],[-121.86584,36.44746],[-121.86512,36.44731],[-121.8644,36.44717],[-121.86368,36.44702],[-121.86443,36.44702],[-121.86519,36.44701],[-121.86594,36.44701],[-121.86669,36.447],[-121.86745,36.447],[-121.8682,36.44699],[-121.86895,36.44698],[-121.8697,36.44698],[-121.87046,36.44698],[-121.87121,36.44697],[-121.87196,36.44696],[-121.87272,36.44696],[-121.87347,36.44695],[-121.87422,36.44695],[-121.87498,36.44694],[-121.87573,36.44694],[-121.87572,36.44754],[-121.8757,36.44815],[-121.87569,36.44875],[-121.87568,36.44935],[-121.87566,36.44996],[-121.87565,36.45056],[-121.87639,36.45057],[-121.87712,36.45058],[-121.87786,36.45059],[-121.87859,36.4506],[-121.87933,36.45061],[-121.88006,36.45061],[-121.8808,36.45062],[-121.88154,36.45063],[-121.88227,36.45064],[-121.88301,36.45065],[-121.88374,36.45066],[-121.88448,36.45067],[-121.88448,36.45125],[-121.88449,36.45182],[-121.88449,36.4524],[-121.88449,36.45298],[-121.8845,36.45355],[-121.8845,36.45413],[-121.88374,36.45412],[-121.88297,36.4541],[-121.8822,36.45409],[-121.88144,36.45408],[-121.88067,36.45406],[-121.87991,36.45405],[-121.87991,36.45465],[-121.87991,36.45525],[-121.87991,36.45585],[-121.8799,36.45645],[-121.8799,36.45705],[-121.8799,36.45765],[-121.88066,36.45766],[-121.88142,36.45768],[-121.88218,36.45769],[-121.88294,36.45771],[-121.8837,36.45772],[-121.88446,36.45774],[-121.88522,36.45775],[-121.88597,36.45776],[-121.88673,36.45778],[-121.88749,36.45779],[-121.88825,36.45781],[-121.88901,36.45782],[-121.88977,36.45784],[-121.89053,36.45785],[-121.89049,36.45847],[-121.89045,36.45908],[-121.89041,36.4597],[-121.89037,36.46031],[-121.89033,36.46093],[-121.89029,36.46154],[-121.89025,36.46216],[-121.89021,36.46278],[-121.89017,36.46339],[-121.89013,36.46401],[-121.89009,36.46462],[-121.89005,36.46524],[-121.89001,36.46585],[-121.88997,36.46647],[-121.88993,36.46708],[-121.88989,36.4677],[-121.88985,36.46832],[-121.88981,36.46893],[-121.88977,36.46955],[-121.88973,36.47016],[-121.88969,36.47078],[-121.88965,36.47139],[-121.88961,36.47201],[-121.8891,36.47201],[-121.88859,36.47202],[-121.88858,36.47263],[-121.88857,36.47324],[-121.88857,36.47386],[-121.88856,36.47447],[-121.88855,36.47508],[-121.88898,36.47512],[-121.8894,36.47517],[-121.88991,36.47561],[-121.89042,36.47605],[-121.89093,36.47649],[-121.89144,36.47693],[-121.89195,36.47738],[-121.89246,36.47782],[-121.89297,36.47826],[-121.89348,36.4787],[-121.89399,36.47914],[-121.8945,36.47958],[-121.89501,36.48002],[-121.89552,36.48046],[-121.89603,36.48091],[-121.89654,36.48135],[-121.89705,36.48179],[-121.89756,36.48223],[-121.89807,36.48267],[-121.89805,36.48329],[-121.89802,36.48392],[-121.898,36.48454],[-121.89797,36.48517],[-121.89795,36.48579],[-121.89793,36.48641],[-121.8979,36.48704],[-121.89788,36.48766],[-121.89785,36.48829],[-121.89783,36.48891],[-121.89847,36.48927],[-121.8991,36.48962],[-121.89974,36.48998],[-121.90017,36.49047],[-121.9006,36.49096],[-121.90103,36.49146],[-121.90146,36.49195],[-121.90188,36.49244],[-121.90231,36.49293],[-121.90274,36.49343],[-121.90317,36.49392],[-121.9036,36.49441],[-121.90339,36.495],[-121.90318,36.49559],[-121.90298,36.49619],[-121.90277,36.49678],[-121.90256,36.49737],[-121.90179,36.49736],[-121.90102,36.49736],[-121.90025,36.49735],[-121.89948,36.49735],[-121.89872,36.49734],[-121.89795,36.49734],[-121.89718,36.49733],[-121.89641,36.49733],[-121.89564,36.49732],[-121.89487,36.49731],[-121.8941,36.49731],[-121.89333,36.4973],[-121.89256,36.4973],[-121.8918,36.49729],[-121.89103,36.49729],[-121.89026,36.49728],[-121.88949,36.49728],[-121.88872,36.49727],[-121.88872,36.49787],[-121.88871,36.49846],[-121.88871,36.49906],[-121.8887,36.49966],[-121.88869,36.50025],[-121.88869,36.50085],[-121.88794,36.50085],[-121.88718,36.50084],[-121.88643,36.50084],[-121.88568,36.50084],[-121.88492,36.50083],[-121.88417,36.50083],[-121.88416,36.50142],[-121.88416,36.50202],[-121.88415,36.50261],[-121.88415,36.50321],[-121.88415,36.5038],[-121.88414,36.5044],[-121.8836,36.50438],[-121.88307,36.50435],[-121.88253,36.50433],[-121.88306,36.50478],[-121.88359,36.50523],[-121.88412,36.50569],[-121.88465,36.50614],[-121.88517,36.50659],[-121.8857,36.50704],[-121.88623,36.5075],[-121.88676,36.50795],[-121.88729,36.5084],[-121.88782,36.50885],[-121.88835,36.50931],[-121.88888,36.50976],[-121.8894,36.51021],[-121.88993,36.51066],[-121.89046,36.51112],[-121.89099,36.51157],[-121.89152,36.51202],[-121.89205,36.51247],[-121.89258,36.51293],[-121.89311,36.51338],[-121.89363,36.51383],[-121.89416,36.51428],[-121.89469,36.51474],[-121.89522,36.51519],[-121.89575,36.51564],[-121.89589,36.51503],[-121.89602,36.51442],[-121.89616,36.51382],[-121.89629,36.51321],[-121.89643,36.5126],[-121.89706,36.51282],[-121.89769,36.51305],[-121.89768,36.51243],[-121.89768,36.5118],[-121.89843,36.51181],[-121.89918,36.51182],[-121.89993,36.51183],[-121.90069,36.51183],[-121.90144,36.51184],[-121.90219,36.51185],[-121.90219,36.51125],[-121.90219,36.51064],[-121.90219,36.51004],[-121.90218,36.50943],[-121.90218,36.50883],[-121.90218,36.50822],[-121.90293,36.50823],[-121.90368,36.50824],[-121.90443,36.50825],[-121.90518,36.50826],[-121.90593,36.50827],[-121.90668,36.50828],[-121.90668,36.50887],[-121.90667,36.50946],[-121.90667,36.51005],[-121.90666,36.51064],[-121.90666,36.51123],[-121.90665,36.51182],[-121.90665,36.51241],[-121.90665,36.513],[-121.90664,36.51359],[-121.90664,36.51418],[-121.90663,36.51477],[-121.90663,36.51536],[-121.90662,36.51595],[-121.90662,36.51654],[-121.90713,36.517],[-121.90765,36.51745],[-121.90816,36.5179],[-121.90868,36.51836],[-121.90919,36.51882],[-121.9097,36.51927],[-121.91022,36.51973],[-121.91073,36.52018],[-121.91147,36.52033],[-121.91221,36.52048],[-121.91295,36.52062],[-121.91369,36.52077],[-121.91443,36.52092],[-121.91517,36.52107],[-121.91591,36.52122],[-121.91665,36.52137],[-121.91739,36.52151],[-121.91813,36.52166],[-121.91887,36.52181],[-121.91947,36.52145],[-121.92007,36.52108],[-121.92066,36.52072],[-121.92126,36.52035],[-121.92186,36.51999],[-121.92239,36.52029],[-121.92292,36.52059],[-121.92303,36.52101],[-121.92315,36.52142],[-121.92326,36.52184],[-121.92388,36.52162],[-121.92373,36.52193],[-121.92358,36.52225],[-121.92287,36.52224],[-121.92215,36.52224],[-121.92161,36.52184],[-121.92107,36.52145],[-121.92081,36.52197],[-121.92055,36.5225],[-121.92029,36.52302],[-121.92092,36.52322],[-121.92155,36.52343],[-121.92217,36.52363],[-121.9228,36.52384],[-121.92343,36.52404],[-121.92365,36.52361],[-121.92388,36.52317],[-121.9241,36.52274],[-121.92389,36.52329],[-121.92442,36.52351],[-121.92494,36.52373],[-121.92446,36.52419],[-121.92398,36.52464],[-121.9235,36.5251],[-121.92302,36.52556],[-121.92254,36.52601],[-121.92206,36.52647],[-121.92158,36.52693],[-121.9211,36.52738],[-121.92062,36.52784],[-121.92014,36.5283],[-121.91966,36.52876],[-121.91918,36.52921],[-121.9187,36.52967],[-121.91822,36.53013],[-121.91774,36.53058],[-121.91726,36.53104],[-121.91678,36.5315],[-121.9163,36.53195],[-121.91582,36.53241],[-121.91517,36.53248],[-121.91452,36.53255],[-121.91387,36.53263],[-121.91321,36.5327],[-121.91256,36.53277],[-121.91191,36.53284],[-121.91136,36.53256],[-121.9108,36.53228],[-121.91025,36.532],[-121.9097,36.53172],[-121.90914,36.53144],[-121.90859,36.53116],[-121.90812,36.53134],[-121.90764,36.53151],[-121.90717,36.53169],[-121.90645,36.5315],[-121.90573,36.5313],[-121.90501,36.53111],[-121.90447,36.53155],[-121.90392,36.53199],[-121.90338,36.53243],[-121.90284,36.53286],[-121.9023,36.5333],[-121.90175,36.53374],[-121.90121,36.53418],[-121.9007,36.53402],[-121.90018,36.53387],[-121.89967,36.53371],[-121.89974,36.53422],[-121.89981,36.53472],[-121.89988,36.53523],[-121.89995,36.53573],[-121.90002,36.53624],[-121.89934,36.53617],[-121.89865,36.53609],[-121.89797,36.53602],[-121.89728,36.53595],[-121.8966,36.53588],[-121.89591,36.5358],[-121.89523,36.53573]]}},{"type":"Feature","properties":{"step":"santalucia"},"geometry":{"type":"LineString","coordinates":[[-121.86102,36.48349],[-121.86142,36.48391],[-121.86181,36.48433],[-121.86221,36.48475],[-121.86261,36.48516],[-121.863,36.48558],[-121.8634,36.486],[-121.86301,36.48629],[-121.86261,36.48659],[-121.86279,36.48703],[-121.86297,36.48747],[-121.86362,36.48775],[-121.86426,36.48803],[-121.86371,36.48835],[-121.86315,36.48868],[-121.86266,36.4884],[-121.86216,36.48812],[-121.86167,36.48784],[-121.86157,36.48846],[-121.86146,36.48909],[-121.86136,36.48971],[-121.86126,36.49033],[-121.86072,36.4907],[-121.86017,36.49108],[-121.85963,36.49145],[-121.86001,36.49126],[-121.86038,36.49108],[-121.86056,36.49136],[-121.86005,36.4915],[-121.85954,36.49164],[-121.85917,36.49133],[-121.85881,36.49101],[-121.85825,36.49136],[-121.85885,36.49155],[-121.85945,36.49173],[-121.86005,36.49191],[-121.86065,36.4921],[-121.85991,36.49217],[-121.85917,36.49224],[-121.85843,36.49231],[-121.85769,36.49238],[-121.85778,36.49176],[-121.85788,36.49114],[-121.85736,36.4913],[-121.85724,36.49177],[-121.85711,36.49223],[-121.85699,36.4927],[-121.85737,36.49308],[-121.85775,36.49347],[-121.85813,36.49385],[-121.85782,36.49428],[-121.85751,36.4947],[-121.85816,36.49491],[-121.8588,36.49513],[-121.85945,36.49534],[-121.85894,36.49553],[-121.85843,36.49571],[-121.85862,36.49613],[-121.8588,36.49655],[-121.85933,36.49661],[-121.85985,36.49667],[-121.86038,36.49673],[-121.86086,36.49718],[-121.86135,36.49763],[-121.86183,36.49808],[-121.86248,36.49833],[-121.86314,36.49859],[-121.86379,36.49884],[-121.86444,36.49909],[-121.8651,36.49935],[-121.86575,36.4996],[-121.86612,36.49946],[-121.86649,36.49932],[-121.86701,36.49974],[-121.86752,36.50015],[-121.86804,36.50057],[-121.86855,36.50099],[-121.86907,36.50141],[-121.86958,36.50182],[-121.8701,36.50224],[-121.87066,36.50248],[-121.87121,36.50272],[-121.87177,36.50297],[-121.87232,36.50321],[-121.87288,36.50345],[-121.87276,36.50301],[-121.87264,36.50257],[-121.87327,36.5029],[-121.8739,36.50323],[-121.87453,36.50356],[-121.87516,36.50389],[-121.87535,36.5044],[-121.87554,36.50491],[-121.87573,36.50542],[-121.87593,36.50593],[-121.87612,36.50644],[-121.87631,36.50695],[-121.87705,36.50714],[-121.87779,36.50733],[-121.87853,36.50751],[-121.87927,36.5077],[-121.88001,36.50789],[-121.8803,36.5084],[-121.88058,36.5089],[-121.88087,36.50941],[-121.88159,36.5093],[-121.88231,36.50919],[-121.88302,36.50907],[-121.88374,36.50896],[-121.88435,36.50934],[-121.88497,36.50973],[-121.88558,36.51011],[-121.88619,36.51049],[-121.8868,36.51087],[-121.88742,36.51125],[-121.88803,36.51164],[-121.88864,36.51202],[-121.88883,36.51257],[-121.88903,36.51313],[-121.88922,36.51368],[-121.88982,36.51387],[-121.89042,36.51406],[-121.89102,36.51425],[-121.89117,36.51483],[-121.89132,36.51542],[-121.89147,36.516],[-121.89163,36.51659],[-121.89178,36.51717],[-121.89193,36.51776],[-121.89208,36.51834],[-121.89223,36.51893],[-121.89238,36.51951],[-121.89253,36.5201],[-121.89268,36.52068],[-121.89284,36.52127],[-121.89299,36.52185],[-121.89314,36.52244],[-121.89329,36.52302],[-121.89274,36.5231],[-121.8922,36.52318],[-121.89233,36.52373],[-121.89246,36.52428],[-121.89259,36.52482],[-121.89272,36.52537],[-121.89285,36.52592],[-121.8923,36.52622],[-121.89176,36.52652],[-121.89121,36.52683],[-121.89067,36.52713],[-121.89012,36.52743],[-121.88959,36.52697],[-121.88907,36.52651],[-121.88854,36.52606],[-121.88802,36.5256],[-121.88749,36.52514],[-121.88779,36.52466],[-121.88726,36.52465],[-121.88672,36.52463],[-121.88619,36.52462],[-121.88562,36.5243],[-121.88504,36.52398],[-121.88447,36.52366],[-121.88389,36.52334],[-121.88332,36.52301],[-121.88274,36.52269],[-121.88217,36.52237],[-121.88159,36.52205],[-121.88102,36.52173],[-121.88036,36.5215],[-121.8797,36.52128],[-121.87903,36.52105],[-121.87837,36.52082],[-121.87771,36.52059],[-121.87705,36.52037],[-121.87639,36.52014],[-121.87573,36.51991],[-121.87506,36.51968],[-121.8744,36.51946],[-121.87374,36.51923],[-121.87367,36.51871],[-121.87361,36.51818],[-121.87354,36.51766],[-121.87347,36.5182],[-121.87341,36.51874],[-121.87334,36.51928],[-121.87289,36.51975],[-121.87245,36.52021],[-121.87201,36.52068],[-121.87156,36.52115],[-121.87112,36.52161],[-121.87067,36.52208],[-121.87022,36.52255],[-121.86978,36.52302],[-121.86933,36.52348],[-121.86889,36.52395],[-121.86889,36.52446],[-121.8689,36.52497],[-121.8689,36.52548],[-121.86891,36.52599],[-121.86853,36.52608],[-121.86815,36.52618],[-121.86813,36.5256],[-121.86812,36.52503],[-121.8681,36.52446],[-121.86809,36.52388],[-121.86808,36.52331],[-121.86806,36.52273],[-121.868,36.52323],[-121.86795,36.52374],[-121.86789,36.52424],[-121.86784,36.52475],[-121.86778,36.52525],[-121.86729,36.52508],[-121.86679,36.52491],[-121.8663,36.52474],[-121.86656,36.52533],[-121.86681,36.52591],[-121.86706,36.52649],[-121.86732,36.52708],[-121.8668,36.52703],[-121.86627,36.52697],[-121.86575,36.52692],[-121.86526,36.52644],[-121.86476,36.52596],[-121.86427,36.52549],[-121.86377,36.52501],[-121.86328,36.52453],[-121.86278,36.52405],[-121.86216,36.52377],[-121.86155,36.52349],[-121.86093,36.52321],[-121.86161,36.52343],[-121.86229,36.52364],[-121.86297,36.52386],[-121.86269,36.52349],[-121.86211,36.52327],[-121.86154,36.52305],[-121.86096,36.52284],[-121.86038,36.52262],[-121.85961,36.5227],[-121.85885,36.52278],[-121.85808,36.52287],[-121.85731,36.52295],[-121.85654,36.52303],[-121.85577,36.52312],[-121.85501,36.5232],[-121.85424,36.52328],[-121.85347,36.52336],[-121.85271,36.52344],[-121.85194,36.52353],[-121.85117,36.52361],[-121.85124,36.52299],[-121.85131,36.52237],[-121.85138,36.52175],[-121.85145,36.52112],[-121.85152,36.5205],[-121.85159,36.51988],[-121.85165,36.51926],[-121.85172,36.51864],[-121.85179,36.51802],[-121.85186,36.51739],[-121.85193,36.51677],[-121.852,36.51615],[-121.85207,36.51553],[-121.85132,36.51561],[-121.85057,36.51568],[-121.84983,36.51576],[-121.84908,36.51584],[-121.84871,36.51559],[-121.84834,36.51534],[-121.84823,36.51595],[-121.84812,36.51656],[-121.848,36.51718],[-121.84789,36.51779],[-121.84778,36.5184],[-121.84735,36.51874],[-121.84692,36.51908],[-121.84649,36.51942],[-121.84574,36.51942],[-121.84498,36.51941],[-121.84423,36.51941],[-121.84347,36.51941],[-121.84272,36.51941],[-121.84196,36.5194],[-121.84121,36.5194],[-121.84193,36.51936],[-121.84265,36.51931],[-121.84336,36.51927],[-121.84408,36.51923],[-121.84459,36.5188],[-121.8451,36.51837],[-121.84561,36.51794],[-121.84611,36.5175],[-121.84662,36.51707],[-121.84713,36.51664],[-121.8473,36.5161],[-121.84747,36.51556],[-121.84763,36.51503],[-121.8478,36.51449],[-121.84797,36.51395],[-121.84727,36.51382],[-121.84658,36.51368],[-121.84677,36.51428],[-121.84695,36.51488],[-121.84649,36.51461],[-121.84602,36.51433],[-121.84537,36.51454],[-121.84473,36.51476],[-121.84408,36.51497],[-121.84373,36.51458],[-121.84339,36.51418],[-121.84304,36.51379],[-121.84269,36.5134],[-121.84213,36.51337],[-121.84253,36.51378],[-121.84294,36.51419],[-121.84334,36.5146],[-121.843,36.51497],[-121.84266,36.51534],[-121.84232,36.51571],[-121.84254,36.51614],[-121.84275,36.51658],[-121.84297,36.51701],[-121.8436,36.51679],[-121.84423,36.51658],[-121.84486,36.51636],[-121.8455,36.51614],[-121.84613,36.51593],[-121.84676,36.51571],[-121.84686,36.51539],[-121.84695,36.51507],[-121.84692,36.5155],[-121.84689,36.51593],[-121.84686,36.51636],[-121.84632,36.51678],[-121.84578,36.51719],[-121.84524,36.51761],[-121.8447,36.51803],[-121.84416,36.51844],[-121.84362,36.51886],[-121.84287,36.51891],[-121.84212,36.51895],[-121.84136,36.519],[-121.84061,36.51904],[-121.83986,36.51909],[-121.8391,36.51914],[-121.83835,36.51918],[-121.8376,36.51923],[-121.83801,36.51886],[-121.83843,36.51849],[-121.83884,36.51812],[-121.83926,36.51775],[-121.83991,36.51789],[-121.84056,36.51803],[-121.84051,36.5184],[-121.84047,36.51877],[-121.84056,36.5184],[-121.84065,36.51803],[-121.84121,36.51799],[-121.84176,36.51794],[-121.84102,36.5178],[-121.84028,36.51766],[-121.84003,36.51723],[-121.83979,36.51679],[-121.83954,36.51636],[-121.83965,36.51576],[-121.83976,36.51516],[-121.83988,36.51456],[-121.83999,36.51396],[-121.8401,36.51336],[-121.83945,36.51335],[-121.83935,36.51379],[-121.83926,36.51423],[-121.83858,36.51425],[-121.83789,36.51427],[-121.83721,36.51429],[-121.83652,36.51431],[-121.83584,36.51433],[-121.83556,36.51395],[-121.83612,36.51386],[-121.83667,36.51377],[-121.83723,36.51368],[-121.83788,36.5138],[-121.83852,36.51393],[-121.83917,36.51405],[-121.83921,36.51372],[-121.83926,36.5134],[-121.83857,36.51346],[-121.83787,36.51352],[-121.83718,36.51358],[-121.83649,36.51365],[-121.83579,36.51371],[-121.8351,36.51377],[-121.83491,36.51331],[-121.83417,36.5133],[-121.83459,36.51376],[-121.83501,36.51423],[-121.83491,36.51479],[-121.83436,36.51479],[-121.83463,36.51433],[-121.83411,36.51414],[-121.83411,36.51357],[-121.83411,36.51301],[-121.8341,36.51244],[-121.8341,36.51188],[-121.8341,36.51131],[-121.8341,36.51074],[-121.8341,36.51018],[-121.83409,36.50961],[-121.83409,36.50905],[-121.83409,36.50848],[-121.83331,36.50849],[-121.83253,36.5085],[-121.83176,36.50851],[-121.83098,36.50852],[-121.8302,36.50852],[-121.82942,36.50853],[-121.82864,36.50854],[-121.82786,36.50855],[-121.82709,36.50856],[-121.82631,36.50857],[-121.82553,36.50858],[-121.82475,36.50859],[-121.82397,36.50859],[-121.82319,36.5086],[-121.82242,36.50861],[-121.82164,36.50862],[-121.82086,36.50863],[-121.82033,36.50902],[-121.81979,36.50941],[-121.81926,36.50979],[-121.81873,36.51018],[-121.81819,36.51057],[-121.81766,36.51096],[-121.81713,36.51134],[-121.81659,36.51173],[-121.81606,36.51212],[-121.81532,36.51209],[-121.81459,36.51206],[-121.81385,36.51203],[-121.81311,36.51201],[-121.81238,36.51198],[-121.81164,36.51195],[-121.81164,36.51137],[-121.81165,36.51078],[-121.81165,36.5102],[-121.81165,36.50961],[-121.81166,36.50903],[-121.81166,36.50844],[-121.81166,36.50786],[-121.81166,36.50727],[-121.81167,36.50669],[-121.81167,36.5061],[-121.81167,36.50552],[-121.81168,36.50493],[-121.81168,36.50435],[-121.81107,36.50437],[-121.81045,36.50438],[-121.80984,36.5044],[-121.80986,36.50382],[-121.80988,36.50325],[-121.80989,36.50267],[-121.80991,36.5021],[-121.8103,36.50201],[-121.8107,36.50192],[-121.81019,36.50164],[-121.81054,36.50113],[-121.81089,36.50062],[-121.81123,36.50011],[-121.81158,36.4996],[-121.81162,36.49901],[-121.81166,36.49841],[-121.8117,36.49782],[-121.81174,36.49722],[-121.81178,36.49663],[-121.81182,36.49603],[-121.81186,36.49544],[-121.81211,36.49485],[-121.81235,36.49427],[-121.8126,36.49368],[-121.81301,36.49354],[-121.81342,36.4934],[-121.81335,36.49289],[-121.81328,36.49238],[-121.81266,36.49229],[-121.81204,36.4922],[-121.81195,36.49161],[-121.81186,36.49101],[-121.81176,36.49042],[-121.81167,36.48982],[-121.81158,36.48923],[-121.81107,36.48923],[-121.81056,36.48923],[-121.81031,36.48886],[-121.81007,36.48849],[-121.80982,36.48812],[-121.81008,36.48763],[-121.81034,36.48713],[-121.81061,36.48664],[-121.81087,36.48615],[-121.81113,36.48565],[-121.81139,36.48516],[-121.81107,36.48539],[-121.81075,36.48562],[-121.81028,36.48543],[-121.80982,36.48525],[-121.80992,36.48576],[-121.81001,36.48627],[-121.80945,36.48655],[-121.80889,36.48683],[-121.80832,36.48651],[-121.80774,36.4862],[-121.80717,36.48588],[-121.80659,36.48557],[-121.80602,36.48525],[-121.80639,36.48571],[-121.80676,36.48618],[-121.80713,36.48664],[-121.80772,36.48686],[-121.8083,36.48707],[-121.80889,36.48729],[-121.80922,36.48701],[-121.80954,36.48673],[-121.80958,36.48715],[-121.80963,36.48757],[-121.80908,36.48766],[-121.80852,36.48775],[-121.80799,36.48745],[-121.80746,36.48715],[-121.80692,36.48685],[-121.80639,36.48655],[-121.80644,36.48692],[-121.80649,36.48729],[-121.80711,36.48748],[-121.80774,36.48766],[-121.80836,36.48785],[-121.80899,36.48803],[-121.80936,36.48843],[-121.80973,36.48883],[-121.8101,36.48923],[-121.81019,36.48976],[-121.81028,36.4903],[-121.81038,36.49083],[-121.81047,36.49136],[-121.80991,36.49097],[-121.80936,36.49057],[-121.80881,36.49018],[-121.80825,36.48979],[-121.80825,36.48937],[-121.80825,36.48895],[-121.80757,36.48914],[-121.80689,36.48932],[-121.80621,36.48951],[-121.80556,36.48931],[-121.80491,36.4891],[-121.80427,36.4889],[-121.80362,36.48869],[-121.80297,36.48849],[-121.80232,36.48849],[-121.80168,36.48849],[-121.80103,36.48849],[-121.80038,36.48849],[-121.8001,36.48877],[-121.79985,36.48825],[-121.79961,36.48772],[-121.79936,36.4872],[-121.79871,36.48715],[-121.79806,36.4871],[-121.79783,36.48743],[-121.7976,36.48775],[-121.7976,36.48821],[-121.7976,36.48868],[-121.79825,36.48846],[-121.79889,36.48823],[-121.79861,36.48869],[-121.79834,36.48914],[-121.79871,36.48868],[-121.79917,36.48895],[-121.79982,36.48891],[-121.80047,36.48888],[-121.80111,36.48884],[-121.80176,36.48881],[-121.80241,36.48877],[-121.80308,36.48896],[-121.80375,36.48914],[-121.80442,36.48933],[-121.80509,36.48951],[-121.80577,36.4897],[-121.80644,36.48988],[-121.80711,36.49007],[-121.80778,36.49025],[-121.80815,36.49065],[-121.80852,36.49104],[-121.80889,36.49144],[-121.80926,36.49183],[-121.80979,36.49192],[-121.81031,36.49201],[-121.81084,36.4921],[-121.81103,36.49169],[-121.81121,36.49127],[-121.81128,36.49184],[-121.81135,36.4924],[-121.81096,36.49249],[-121.81056,36.49257],[-121.8099,36.4924],[-121.80923,36.49223],[-121.80857,36.49206],[-121.80791,36.49189],[-121.80724,36.49172],[-121.80658,36.49155],[-121.80709,36.49201],[-121.8076,36.49247],[-121.80821,36.49258],[-121.80882,36.49269],[-121.80943,36.49281],[-121.81004,36.49292],[-121.81065,36.49303],[-121.81097,36.49358],[-121.8113,36.49414],[-121.81116,36.49474],[-121.81102,36.49534],[-121.81088,36.49594],[-121.81075,36.49654],[-121.81061,36.49715],[-121.81047,36.49775],[-121.81033,36.49835],[-121.81019,36.49895],[-121.80954,36.499],[-121.8089,36.49904],[-121.80825,36.49909],[-121.8076,36.49914],[-121.8083,36.49937],[-121.80899,36.4996],[-121.80902,36.50016],[-121.80905,36.50071],[-121.80908,36.50127],[-121.8093,36.50087],[-121.80951,36.50047],[-121.80973,36.50007],[-121.8101,36.50007],[-121.80995,36.50061],[-121.8098,36.50114],[-121.80966,36.50168],[-121.80951,36.50221],[-121.80936,36.50275],[-121.80885,36.50261],[-121.80834,36.50247],[-121.80857,36.5022],[-121.8088,36.50192],[-121.80839,36.50168],[-121.80797,36.50145],[-121.80751,36.50145],[-121.80704,36.50145],[-121.80662,36.50196],[-121.80621,36.50247],[-121.80603,36.50201],[-121.80584,36.50155],[-121.80551,36.50211],[-121.80519,36.50266],[-121.80478,36.50238],[-121.80436,36.5021],[-121.80459,36.50183],[-121.80482,36.50155],[-121.80414,36.50149],[-121.80346,36.50142],[-121.80278,36.50136],[-121.80253,36.50192],[-121.80229,36.50247],[-121.80204,36.50303],[-121.80227,36.50354],[-121.8025,36.50404],[-121.80273,36.50455],[-121.80198,36.50455],[-121.80122,36.50456],[-121.80047,36.50456],[-121.8,36.50412],[-121.79954,36.50368],[-121.79972,36.50308],[-121.79991,36.50247],[-121.79963,36.50294],[-121.79936,36.5034],[-121.79924,36.50297],[-121.79911,36.50253],[-121.79899,36.5021],[-121.79866,36.50243],[-121.79833,36.50275],[-121.79833,36.50217],[-121.79834,36.50158],[-121.79834,36.501],[-121.79835,36.50042],[-121.79835,36.49983],[-121.79836,36.49925],[-121.79836,36.49867],[-121.79837,36.49809],[-121.79837,36.4975],[-121.79838,36.49692],[-121.79838,36.49634],[-121.79839,36.49575],[-121.79839,36.49517],[-121.79782,36.49503],[-121.79726,36.49488],[-121.79669,36.49474],[-121.79612,36.4946],[-121.79682,36.49456],[-121.79752,36.49453],[-121.79823,36.49449],[-121.79893,36.49446],[-121.79963,36.49442],[-121.79913,36.49409],[-121.79862,36.49377],[-121.79834,36.49433],[-121.79816,36.49386],[-121.79797,36.4934],[-121.79751,36.49386],[-121.79746,36.4934],[-121.79741,36.49294],[-121.798,36.49312],[-121.79858,36.49331],[-121.79917,36.49349],[-121.7989,36.49317],[-121.79862,36.49284],[-121.798,36.4927],[-121.79737,36.49256],[-121.79675,36.49243],[-121.79612,36.49229],[-121.79602,36.49173],[-121.79584,36.49213],[-121.79565,36.49254],[-121.79547,36.49294],[-121.79501,36.49298],[-121.79454,36.49303],[-121.7951,36.4934],[-121.79565,36.49377],[-121.79532,36.49409],[-121.795,36.49442],[-121.79428,36.49426],[-121.79356,36.4941],[-121.79284,36.49394],[-121.79211,36.49378],[-121.79139,36.49362],[-121.79067,36.49346],[-121.78995,36.4933],[-121.78923,36.49314],[-121.78851,36.49298],[-121.78779,36.49282],[-121.78707,36.49266],[-121.78635,36.4925],[-121.78562,36.49234],[-121.7849,36.49218],[-121.78418,36.49202],[-121.78346,36.49186],[-121.78338,36.49131],[-121.7833,36.49076],[-121.78322,36.49021],[-121.78315,36.48967],[-121.78307,36.48912],[-121.78299,36.48857],[-121.78291,36.48802],[-121.78283,36.48747],[-121.78336,36.48771],[-121.78389,36.48794],[-121.78417,36.48738],[-121.78445,36.48683],[-121.7839,36.48698],[-121.78335,36.48714],[-121.7828,36.48729],[-121.78273,36.4868],[-121.78266,36.48631],[-121.78259,36.48583],[-121.78252,36.48534],[-121.78269,36.48544],[-121.78306,36.48534],[-121.7825,36.48516],[-121.78255,36.48461],[-121.7826,36.48405],[-121.78264,36.48349],[-121.78269,36.48294],[-121.78219,36.48303],[-121.78211,36.4825],[-121.78203,36.48197],[-121.78196,36.48143],[-121.78188,36.4809],[-121.78214,36.48127],[-121.78241,36.48164],[-121.7826,36.48173],[-121.78288,36.48164],[-121.78252,36.48118],[-121.78215,36.48071],[-121.78179,36.48025],[-121.7817,36.47964],[-121.78161,36.47903],[-121.78152,36.47842],[-121.78144,36.47782],[-121.78135,36.47721],[-121.78126,36.4766],[-121.78117,36.47599],[-121.78169,36.47627],[-121.78221,36.47655],[-121.78273,36.47682],[-121.78325,36.4771],[-121.78371,36.47701],[-121.78417,36.47692],[-121.78422,36.47637],[-121.78426,36.47581],[-121.78485,36.47541],[-121.78543,36.475],[-121.78602,36.4746],[-121.78611,36.47406],[-121.78621,36.47352],[-121.7863,36.47298],[-121.78639,36.47244],[-121.78649,36.4719],[-121.78658,36.47136],[-121.78723,36.47121],[-121.78787,36.47105],[-121.78852,36.4709],[-121.78875,36.47117],[-121.78899,36.47144],[-121.78897,36.47086],[-121.78896,36.47027],[-121.78894,36.46969],[-121.78892,36.46911],[-121.78891,36.46852],[-121.78889,36.46794],[-121.78936,36.46755],[-121.78982,36.46715],[-121.79028,36.46675],[-121.79075,36.46636],[-121.7907,36.46604],[-121.79065,36.46571],[-121.79121,36.46599],[-121.79093,36.46562],[-121.79065,36.46525],[-121.79102,36.46494],[-121.79139,36.46464],[-121.79176,36.46433],[-121.79173,36.46383],[-121.7917,36.46333],[-121.79167,36.46283],[-121.79143,36.46335],[-121.7912,36.46386],[-121.79096,36.46438],[-121.79072,36.4649],[-121.79048,36.46542],[-121.79025,36.46593],[-121.79001,36.46645],[-121.78933,36.46649],[-121.78865,36.46652],[-121.78797,36.46656],[-121.78834,36.46707],[-121.78871,36.46757],[-121.78862,36.46817],[-121.78852,36.46877],[-121.78843,36.46937],[-121.78834,36.46997],[-121.7878,36.47036],[-121.78726,36.47075],[-121.78673,36.47114],[-121.78619,36.47153],[-121.78565,36.47192],[-121.78563,36.47246],[-121.78561,36.47299],[-121.7856,36.47353],[-121.78558,36.47406],[-121.78556,36.4746],[-121.7851,36.47482],[-121.78463,36.47503],[-121.78417,36.47525],[-121.78395,36.47578],[-121.78374,36.4763],[-121.78352,36.47683],[-121.78293,36.4766],[-121.78234,36.47637],[-121.78175,36.47613],[-121.78116,36.4759],[-121.78109,36.47546],[-121.78103,36.47503],[-121.78026,36.47503],[-121.7795,36.47504],[-121.77942,36.47442],[-121.77933,36.47379],[-121.77925,36.47317],[-121.77916,36.47254],[-121.77908,36.47192],[-121.77973,36.4722],[-121.78037,36.47248],[-121.78102,36.47275],[-121.78167,36.47303],[-121.78213,36.47284],[-121.78167,36.47234],[-121.78121,36.47183],[-121.78065,36.47178],[-121.7801,36.47173],[-121.78019,36.47118],[-121.78028,36.47062],[-121.77968,36.47076],[-121.77908,36.4709],[-121.77954,36.47048],[-121.78001,36.47007],[-121.77954,36.46993],[-121.77908,36.46979],[-121.77985,36.46988],[-121.78062,36.46998],[-121.78139,36.47007],[-121.78097,36.4697],[-121.78056,36.46933],[-121.78128,36.4694],[-121.782,36.46948],[-121.78273,36.46955],[-121.78345,36.46963],[-121.78417,36.4697],[-121.78454,36.46926],[-121.78491,36.46882],[-121.78528,36.46838],[-121.78565,36.46794],[-121.7862,36.46817],[-121.78676,36.4684],[-121.78658,36.46797],[-121.78639,36.46753],[-121.78621,36.4671],[-121.78565,36.4671],[-121.7851,36.4671],[-121.7851,36.46757],[-121.7851,36.46803],[-121.78436,36.46812],[-121.78482,36.46849],[-121.78417,36.46867],[-121.78352,36.46886],[-121.78352,36.46854],[-121.78352,36.46821],[-121.78297,36.46831],[-121.78288,36.46887],[-121.78278,36.46942],[-121.78204,36.46923],[-121.7813,36.46905],[-121.78121,36.46861],[-121.78112,36.46817],[-121.78044,36.46828],[-121.77976,36.4684],[-121.77908,36.46851],[-121.77954,36.46895],[-121.77884,36.46886],[-121.77815,36.46876],[-121.77746,36.46867],[-121.77676,36.46858],[-121.77713,36.46893],[-121.77751,36.46928],[-121.77788,36.46963],[-121.77723,36.46962],[-121.77658,36.46961],[-121.77593,36.4696],[-121.77527,36.46959],[-121.77462,36.46958],[-121.77397,36.46957],[-121.77399,36.47018],[-121.77402,36.4708],[-121.77404,36.47141],[-121.77407,36.47203],[-121.77409,36.47264],[-121.77412,36.47326],[-121.77414,36.47387],[-121.77417,36.47449],[-121.77419,36.4751],[-121.77353,36.47509],[-121.77288,36.47507],[-121.77222,36.47506],[-121.77156,36.47505],[-121.77091,36.47503],[-121.77025,36.47502],[-121.77033,36.47448],[-121.7704,36.47393],[-121.77048,36.47339],[-121.77056,36.47284],[-121.77064,36.4723],[-121.77071,36.47175],[-121.77079,36.47121],[-121.77005,36.47113],[-121.76931,36.47104],[-121.76856,36.47095],[-121.76782,36.47087],[-121.76708,36.47078],[-121.76633,36.4707],[-121.76559,36.47062],[-121.76485,36.47053],[-121.76411,36.47044],[-121.76337,36.47036],[-121.76262,36.47028],[-121.76188,36.47019],[-121.76114,36.4701],[-121.7604,36.47002],[-121.75965,36.46993],[-121.75891,36.46985],[-121.75817,36.46977],[-121.75742,36.46968],[-121.75668,36.46959],[-121.75594,36.46951],[-121.75599,36.46891],[-121.75603,36.46831],[-121.75608,36.46771],[-121.75683,36.46772],[-121.75758,36.46773],[-121.75832,36.46774],[-121.75907,36.46775],[-121.75982,36.46776],[-121.76056,36.46776],[-121.76131,36.46777],[-121.76206,36.46778],[-121.76281,36.46779],[-121.76355,36.4678],[-121.7643,36.46781],[-121.76505,36.46782],[-121.76506,36.46733],[-121.76508,36.46685],[-121.76509,36.46636],[-121.76555,36.46617],[-121.76602,36.46599],[-121.76557,36.46599],[-121.76511,36.46599],[-121.76515,36.46567],[-121.76519,36.46534],[-121.76584,36.46525],[-121.76649,36.46516],[-121.76713,36.46506],[-121.76778,36.46497],[-121.76843,36.46488],[-121.76908,36.46479],[-121.76842,36.46485],[-121.76776,36.46491],[-121.76711,36.46497],[-121.76645,36.46504],[-121.76579,36.4651],[-121.76513,36.46516],[-121.76515,36.46455],[-121.76517,36.46395],[-121.76574,36.46414],[-121.7663,36.46433],[-121.76621,36.46387],[-121.76611,36.4634],[-121.76602,36.46294],[-121.76657,36.46299],[-121.76713,36.46303],[-121.76686,36.46358],[-121.76751,36.46377],[-121.76745,36.46334],[-121.76738,36.4629],[-121.76732,36.46247],[-121.76788,36.4622],[-121.76751,36.46257],[-121.76788,36.46284],[-121.76831,36.46253],[-121.76874,36.46223],[-121.76917,36.46192],[-121.76857,36.46178],[-121.76797,36.46164],[-121.76736,36.4615],[-121.76676,36.46136],[-121.76672,36.46099],[-121.76667,36.46062],[-121.76653,36.46108],[-121.76639,36.46155],[-121.76582,36.46155],[-121.76525,36.46155],[-121.76526,36.46104],[-121.76528,36.46054],[-121.76459,36.46054],[-121.7639,36.46053],[-121.7632,36.46053],[-121.76251,36.46052],[-121.76251,36.46007],[-121.76241,36.46051],[-121.76163,36.4605],[-121.76085,36.46049],[-121.76007,36.46048],[-121.75929,36.46047],[-121.7585,36.46047],[-121.75772,36.46046],[-121.75694,36.46045],[-121.75616,36.46044],[-121.75538,36.46043],[-121.7546,36.46042],[-121.75382,36.46041],[-121.75304,36.4604],[-121.75226,36.46039],[-121.75148,36.46038],[-121.75069,36.46038],[-121.74991,36.46037],[-121.74913,36.46036],[-121.74835,36.46035],[-121.74757,36.46034],[-121.74752,36.45979],[-121.74747,36.45923],[-121.74742,36.45867],[-121.74737,36.45812],[-121.74778,36.45831],[-121.74788,36.45784],[-121.74848,36.45757],[-121.74908,36.45729],[-121.74948,36.45683],[-121.74988,36.45636],[-121.75028,36.4559],[-121.74969,36.45631],[-121.74911,36.45672],[-121.74852,36.45712],[-121.74794,36.45753],[-121.74735,36.45794],[-121.74729,36.45734],[-121.74724,36.45674],[-121.74719,36.45613],[-121.74713,36.45553],[-121.74707,36.45493],[-121.74702,36.45433],[-121.74696,36.45372],[-121.74691,36.45312],[-121.74685,36.45252],[-121.7468,36.45192],[-121.74674,36.45132],[-121.74669,36.45071],[-121.74663,36.45011],[-121.74658,36.44951],[-121.74726,36.44923],[-121.74794,36.44896],[-121.74862,36.44868],[-121.74811,36.44868],[-121.7476,36.44868],[-121.74756,36.44836],[-121.74751,36.44803],[-121.74719,36.4484],[-121.74686,36.44877],[-121.74654,36.44914],[-121.74648,36.44853],[-121.74643,36.44792],[-121.74637,36.44731],[-121.74631,36.4467],[-121.74626,36.44609],[-121.7462,36.44548],[-121.74547,36.4455],[-121.74474,36.44551],[-121.74401,36.44553],[-121.74328,36.44554],[-121.74255,36.44555],[-121.74182,36.44557],[-121.74192,36.44499],[-121.74202,36.44441],[-121.74212,36.44383],[-121.74221,36.44325],[-121.74231,36.44267],[-121.74241,36.44209],[-121.74165,36.4421],[-121.74088,36.44211],[-121.74012,36.44213],[-121.73935,36.44214],[-121.73859,36.44215],[-121.73782,36.44216],[-121.73706,36.44217],[-121.73629,36.44218],[-121.73553,36.4422],[-121.73476,36.44221],[-121.734,36.44222],[-121.73323,36.44223],[-121.73247,36.44224],[-121.7317,36.44225],[-121.73094,36.44227],[-121.73017,36.44228],[-121.72941,36.44229],[-121.72952,36.4417],[-121.72964,36.44111],[-121.72975,36.44051],[-121.72986,36.43992],[-121.72997,36.43933],[-121.73009,36.43874],[-121.7302,36.43814],[-121.73031,36.43755],[-121.73042,36.43696],[-121.73054,36.43637],[-121.73065,36.43577],[-121.73076,36.43518],[-121.7315,36.43518],[-121.73225,36.43518],[-121.73299,36.43518],[-121.73373,36.43518],[-121.73448,36.43518],[-121.73522,36.43519],[-121.73596,36.43519],[-121.73671,36.43519],[-121.73745,36.43519],[-121.73819,36.43519],[-121.73894,36.43519],[-121.73968,36.43519],[-121.73972,36.43459],[-121.73976,36.43399],[-121.73981,36.43339],[-121.73985,36.4328],[-121.73989,36.4322],[-121.73993,36.4316],[-121.74064,36.4316],[-121.74136,36.43161],[-121.74207,36.43161],[-121.74278,36.43161],[-121.7435,36.43162],[-121.74421,36.43162],[-121.74424,36.43101],[-121.74426,36.43039],[-121.74429,36.42978],[-121.74432,36.42917],[-121.74434,36.42856],[-121.74437,36.42794],[-121.74439,36.42733],[-121.74442,36.42672],[-121.74445,36.42611],[-121.74447,36.42549],[-121.7445,36.42488],[-121.74503,36.42525],[-121.74556,36.42562],[-121.74624,36.42544],[-121.74692,36.42525],[-121.7476,36.42507],[-121.74822,36.42525],[-121.74883,36.42544],[-121.74945,36.42562],[-121.74936,36.42618],[-121.75012,36.42616],[-121.75088,36.42613],[-121.75165,36.4261],[-121.75241,36.42608],[-121.75287,36.4263],[-121.75334,36.42651],[-121.7538,36.42673],[-121.75352,36.42729],[-121.75399,36.42715],[-121.75445,36.42701],[-121.75491,36.42732],[-121.75538,36.42763],[-121.75584,36.42794],[-121.75611,36.42849],[-121.75639,36.42905],[-121.75692,36.42908],[-121.75744,36.42911],[-121.75797,36.42914],[-121.75839,36.42965],[-121.7588,36.43016],[-121.75952,36.4304],[-121.76024,36.43064],[-121.76097,36.43088],[-121.76169,36.43112],[-121.76241,36.43136],[-121.76208,36.43178],[-121.76176,36.4322],[-121.76227,36.43257],[-121.76278,36.43294],[-121.76329,36.43331],[-121.7638,36.43368],[-121.76448,36.43376],[-121.76516,36.43384],[-121.76585,36.43392],[-121.76653,36.434],[-121.76721,36.43408],[-121.7679,36.43416],[-121.76858,36.43424],[-121.76926,36.43432],[-121.76861,36.434],[-121.76796,36.43368],[-121.7673,36.43336],[-121.76665,36.43304],[-121.766,36.43272],[-121.76535,36.4324],[-121.76469,36.43209],[-121.76404,36.43177],[-121.76339,36.43145],[-121.76274,36.43113],[-121.76208,36.43081],[-121.76143,36.43049],[-121.76078,36.43017],[-121.76022,36.42979],[-121.75966,36.42941],[-121.7591,36.42903],[-121.75853,36.42866],[-121.75797,36.42828],[-121.75741,36.4279],[-121.75769,36.42746],[-121.75797,36.42701],[-121.75729,36.42686],[-121.75661,36.4267],[-121.75593,36.42655],[-121.75579,36.42609],[-121.75565,36.42562],[-121.7549,36.42555],[-121.75415,36.42549],[-121.7534,36.42542],[-121.75265,36.42535],[-121.7519,36.42528],[-121.75116,36.42522],[-121.75041,36.42515],[-121.74966,36.42508],[-121.74891,36.42501],[-121.74816,36.42495],[-121.74741,36.42488],[-121.74679,36.42507],[-121.74618,36.42525],[-121.74556,36.42544],[-121.74521,36.4251],[-121.74487,36.42475],[-121.74452,36.42441],[-121.74524,36.42442],[-121.74596,36.42443],[-121.74669,36.42444],[-121.74741,36.42445],[-121.74813,36.42446],[-121.74885,36.42448],[-121.74958,36.42449],[-121.7503,36.4245],[-121.75102,36.42451],[-121.75174,36.42452],[-121.75247,36.42453],[-121.75319,36.42454],[-121.7532,36.42394],[-121.75322,36.42334],[-121.75323,36.42275],[-121.75325,36.42215],[-121.75326,36.42155],[-121.754,36.4216],[-121.75474,36.42164],[-121.75548,36.42169],[-121.75621,36.42174],[-121.75695,36.42178],[-121.75769,36.42183],[-121.75841,36.42164],[-121.75912,36.42146],[-121.75984,36.42127],[-121.76056,36.42108],[-121.76121,36.42136],[-121.76093,36.42164],[-121.76065,36.42192],[-121.7612,36.42182],[-121.76176,36.42173],[-121.76181,36.4221],[-121.76186,36.42247],[-121.76237,36.4221],[-121.76288,36.42173],[-121.76325,36.42224],[-121.76362,36.42275],[-121.76422,36.42259],[-121.76482,36.42243],[-121.76542,36.42226],[-121.76602,36.4221],[-121.76664,36.42232],[-121.76726,36.42253],[-121.76788,36.42275],[-121.76825,36.42261],[-121.76862,36.42247],[-121.76834,36.42201],[-121.76896,36.42208],[-121.76959,36.42215],[-121.77022,36.42222],[-121.77084,36.42229],[-121.77121,36.42191],[-121.77158,36.42154],[-121.77195,36.42116],[-121.77191,36.42178],[-121.77188,36.4224],[-121.77184,36.42302],[-121.7718,36.42364],[-121.77177,36.42426],[-121.77173,36.42488],[-121.77142,36.42446],[-121.77112,36.42405],[-121.77102,36.42451],[-121.77148,36.42488],[-121.77195,36.42525],[-121.77257,36.42517],[-121.7732,36.42508],[-121.77382,36.425],[-121.77376,36.42444],[-121.77369,36.42388],[-121.77363,36.42332],[-121.77357,36.42276],[-121.7735,36.42219],[-121.77344,36.42163],[-121.77338,36.42107],[-121.77331,36.42051],[-121.77325,36.41995],[-121.77382,36.42036],[-121.77439,36.42077],[-121.77496,36.42117],[-121.77553,36.42158],[-121.7761,36.42199],[-121.77667,36.4224],[-121.77725,36.4228],[-121.77782,36.42321],[-121.77839,36.42362],[-121.77896,36.42403],[-121.77953,36.42443],[-121.7801,36.42484],[-121.78067,36.42525],[-121.78019,36.42553],[-121.78081,36.42582],[-121.78144,36.42611],[-121.78206,36.4264],[-121.78268,36.42669],[-121.78273,36.42607],[-121.78278,36.42544],[-121.78283,36.42482],[-121.78287,36.42419],[-121.78292,36.42356],[-121.78297,36.42294],[-121.78341,36.42339],[-121.78385,36.42383],[-121.78429,36.42428],[-121.78473,36.42472],[-121.78517,36.42517],[-121.78564,36.42523],[-121.78612,36.42529],[-121.7863,36.42571],[-121.78649,36.42612],[-121.78667,36.42654],[-121.78689,36.42599],[-121.7871,36.42543],[-121.78732,36.42488],[-121.78792,36.42453],[-121.78852,36.42419],[-121.78913,36.42384],[-121.78973,36.42349],[-121.7891,36.42374],[-121.78846,36.42398],[-121.78783,36.42423],[-121.7872,36.42448],[-121.78656,36.42472],[-121.78593,36.42497],[-121.78551,36.4246],[-121.78509,36.42423],[-121.78468,36.42386],[-121.78426,36.42349],[-121.78426,36.42307],[-121.78426,36.42266],[-121.7838,36.42266],[-121.78334,36.42266],[-121.78357,36.4222],[-121.7838,36.42173],[-121.7838,36.4222],[-121.78426,36.42171],[-121.78498,36.42172],[-121.78569,36.42173],[-121.78641,36.42173],[-121.78712,36.42174],[-121.78784,36.42175],[-121.78855,36.42176],[-121.78927,36.42177],[-121.78998,36.42177],[-121.79069,36.42178],[-121.79141,36.42179],[-121.7914,36.42239],[-121.79139,36.42299],[-121.79137,36.42359],[-121.79136,36.42419],[-121.79135,36.42479],[-121.79095,36.42475],[-121.79056,36.4247],[-121.79095,36.42484],[-121.79135,36.42497],[-121.79095,36.4253],[-121.79056,36.42562],[-121.79094,36.42576],[-121.79133,36.4259],[-121.79132,36.42649],[-121.79131,36.42708],[-121.79129,36.42768],[-121.79128,36.42827],[-121.79127,36.42886],[-121.79198,36.42887],[-121.7927,36.42887],[-121.79341,36.42888],[-121.79413,36.42889],[-121.79484,36.42889],[-121.79556,36.4289],[-121.79558,36.42831],[-121.79559,36.42773],[-121.79561,36.42714],[-121.79563,36.42656],[-121.79564,36.42598],[-121.79566,36.42539],[-121.79636,36.42542],[-121.79706,36.42544],[-121.79776,36.42547],[-121.79846,36.42549],[-121.79915,36.42552],[-121.79985,36.42554],[-121.80055,36.42557],[-121.80125,36.42559],[-121.80195,36.42562],[-121.80181,36.42615],[-121.80167,36.42669],[-121.80153,36.42722],[-121.80139,36.42775],[-121.80181,36.42766],[-121.80223,36.42757],[-121.80227,36.42704],[-121.80232,36.42652],[-121.80236,36.42599],[-121.80241,36.42546],[-121.80306,36.42568],[-121.80371,36.4259],[-121.80394,36.4265],[-121.80417,36.4271],[-121.80436,36.42656],[-121.80454,36.42602],[-121.80473,36.42548],[-121.80524,36.42549],[-121.80575,36.42549],[-121.80561,36.42588],[-121.80547,36.42627],[-121.8058,36.42588],[-121.80612,36.42549],[-121.80671,36.4255],[-121.80729,36.4255],[-121.80788,36.42551],[-121.80778,36.42608],[-121.80769,36.42664],[-121.80797,36.42627],[-121.80824,36.4259],[-121.80852,36.42553],[-121.80908,36.42553],[-121.80963,36.42553],[-121.81019,36.42553],[-121.81016,36.42602],[-121.81013,36.42652],[-121.8101,36.42701],[-121.81028,36.42655],[-121.81047,36.42608],[-121.81056,36.4265],[-121.81065,36.42692],[-121.81097,36.4266],[-121.8113,36.42627],[-121.81093,36.4259],[-121.81056,36.42553],[-121.81121,36.42554],[-121.81186,36.42554],[-121.81251,36.42555],[-121.8125,36.42617],[-121.8125,36.42679],[-121.81249,36.42741],[-121.81248,36.42802],[-121.81247,36.42864],[-121.81247,36.42926],[-121.81246,36.42988],[-121.81193,36.42979],[-121.81139,36.4297],[-121.8113,36.43007],[-121.81121,36.43044],[-121.81186,36.43044],[-121.81162,36.43076],[-121.81139,36.43108],[-121.81181,36.43104],[-121.81223,36.43099],[-121.81233,36.43136],[-121.81244,36.43173],[-121.81197,36.4315],[-121.81149,36.43127],[-121.81103,36.4316],[-121.81056,36.43192],[-121.8101,36.43224],[-121.80963,36.43257],[-121.80914,36.43241],[-121.80864,36.43226],[-121.80815,36.4321],[-121.80788,36.43257],[-121.80737,36.43256],[-121.80686,36.43255],[-121.8076,36.43247],[-121.80755,36.43215],[-121.80751,36.43183],[-121.80679,36.43194],[-121.80606,36.43205],[-121.80534,36.43216],[-121.80461,36.43227],[-121.80389,36.43238],[-121.80362,36.43206],[-121.80334,36.43173],[-121.80385,36.43173],[-121.80436,36.43173],[-121.80371,36.43155],[-121.80436,36.43136],[-121.80436,36.43118],[-121.80375,36.43104],[-121.80315,36.4309],[-121.80294,36.43142],[-121.80272,36.43195],[-121.80251,36.43247],[-121.80183,36.43248],[-121.80115,36.43248],[-121.80047,36.43249],[-121.80038,36.43211],[-121.80028,36.43173],[-121.79976,36.43219],[-121.79923,36.43266],[-121.79871,36.43312],[-121.79821,36.43281],[-121.79771,36.43249],[-121.79721,36.43218],[-121.79671,36.43186],[-121.79621,36.43155],[-121.79572,36.43173],[-121.79522,36.43192],[-121.79473,36.4321],[-121.79543,36.43236],[-121.79614,36.43262],[-121.79684,36.43288],[-121.79755,36.43314],[-121.79825,36.4334],[-121.79899,36.4333],[-121.79973,36.43321],[-121.7997,36.43373],[-121.79967,36.43426],[-121.79963,36.43479],[-121.7996,36.43531],[-121.79957,36.43583],[-121.79954,36.43636],[-121.80023,36.43633],[-121.80092,36.43631],[-121.80161,36.43628],[-121.8023,36.43625],[-121.80299,36.43622],[-121.80368,36.4362],[-121.80437,36.43617],[-121.80395,36.43663],[-121.80353,36.4371],[-121.80311,36.43756],[-121.80269,36.43803],[-121.802,36.43815],[-121.80132,36.43828],[-121.80063,36.4384],[-121.79994,36.43852],[-121.79926,36.43865],[-121.79857,36.43877],[-121.79896,36.43905],[-121.79936,36.43933],[-121.79982,36.43905],[-121.80029,36.43877],[-121.80075,36.43849],[-121.80149,36.43843],[-121.80223,36.43837],[-121.80297,36.43831],[-121.80343,36.43785],[-121.80389,36.43738],[-121.80435,36.43692],[-121.80434,36.4375],[-121.80433,36.43807],[-121.80432,36.43865],[-121.80431,36.43922],[-121.8043,36.4398],[-121.80505,36.43994],[-121.8058,36.44007],[-121.80655,36.44021],[-121.8073,36.44035],[-121.80805,36.44048],[-121.8088,36.44062],[-121.80936,36.44041],[-121.80991,36.4402],[-121.81047,36.43999],[-121.81124,36.44001],[-121.81202,36.44004],[-121.81279,36.44006],[-121.81357,36.44008],[-121.81434,36.44011],[-121.81512,36.44013],[-121.81589,36.44016],[-121.81667,36.44018],[-121.81744,36.4402],[-121.81822,36.44023],[-121.81899,36.44025],[-121.81942,36.44068],[-121.81985,36.44112],[-121.82028,36.44155],[-121.82016,36.44204],[-121.82003,36.44254],[-121.81991,36.44303],[-121.8194,36.44312],[-121.81889,36.44321],[-121.81899,36.44368],[-121.81941,36.44354],[-121.81982,36.4434],[-121.81945,36.44377],[-121.81908,36.44414],[-121.81927,36.44448],[-121.81945,36.44482],[-121.81971,36.44426],[-121.81997,36.4437],[-121.82023,36.44313],[-121.82049,36.44257],[-121.82075,36.44201],[-121.82033,36.4415],[-121.81991,36.44099],[-121.82014,36.44064],[-121.82038,36.44029],[-121.82111,36.44028],[-121.82184,36.44027],[-121.82258,36.44027],[-121.82331,36.44026],[-121.82404,36.44025],[-121.82478,36.44024],[-121.82551,36.44024],[-121.82624,36.44023],[-121.82697,36.44022],[-121.82771,36.44021],[-121.82844,36.44021],[-121.82917,36.4402],[-121.82913,36.43959],[-121.82908,36.43897],[-121.82904,36.43836],[-121.829,36.43775],[-121.82965,36.43775],[-121.83029,36.43775],[-121.83094,36.43775],[-121.83158,36.43775],[-121.83223,36.43775],[-121.83193,36.43731],[-121.83162,36.43687],[-121.83132,36.43643],[-121.83102,36.43599],[-121.83083,36.43654],[-121.83065,36.4371],[-121.8301,36.43726],[-121.82954,36.43741],[-121.82899,36.43757],[-121.82895,36.43697],[-121.82891,36.43636],[-121.82886,36.43576],[-121.82882,36.43516],[-121.82878,36.43455],[-121.82873,36.43395],[-121.82869,36.43334],[-121.82865,36.43274],[-121.82927,36.43283],[-121.82989,36.43293],[-121.83052,36.43302],[-121.83114,36.43312],[-121.83176,36.43321],[-121.83204,36.43265],[-121.83271,36.43263],[-121.83339,36.43261],[-121.83406,36.43259],[-121.83473,36.43257],[-121.83487,36.43289],[-121.83501,36.43321],[-121.83519,36.43288],[-121.83538,36.43256],[-121.83613,36.43254],[-121.83688,36.43251],[-121.83691,36.4331],[-121.83693,36.43368],[-121.83696,36.43427],[-121.83699,36.43485],[-121.83701,36.43544],[-121.83704,36.43603],[-121.83707,36.43661],[-121.8371,36.4372],[-121.83712,36.43779],[-121.83715,36.43837],[-121.83718,36.43896],[-121.8372,36.43954],[-121.83723,36.44013],[-121.83645,36.44014],[-121.83567,36.44014],[-121.8349,36.44015],[-121.83412,36.44015],[-121.83334,36.44016],[-121.83306,36.43979],[-121.83279,36.43942],[-121.83251,36.43905],[-121.83276,36.43951],[-121.833,36.43998],[-121.83325,36.44044],[-121.83325,36.44105],[-121.83325,36.44166],[-121.83326,36.44227],[-121.83326,36.44288],[-121.83326,36.44349],[-121.83258,36.44344],[-121.8319,36.4434],[-121.83122,36.44335],[-121.83053,36.4433],[-121.82985,36.44326],[-121.82917,36.44321],[-121.82859,36.44353],[-121.82801,36.44385],[-121.82743,36.44417],[-121.82684,36.44448],[-121.82626,36.4448],[-121.82568,36.44512],[-121.8251,36.44544],[-121.82445,36.44539],[-121.8238,36.44534],[-121.82362,36.4459],[-121.82311,36.4459],[-121.8226,36.4459],[-121.82239,36.44646],[-121.82218,36.44701],[-121.82197,36.44757],[-121.82176,36.44812],[-121.82176,36.44768],[-121.82176,36.44725],[-121.82126,36.44759],[-121.82076,36.44794],[-121.82089,36.44826],[-121.82101,36.44858],[-121.82166,36.44831],[-121.82232,36.44803],[-121.8226,36.44752],[-121.82288,36.44701],[-121.8233,36.44711],[-121.82371,36.4472],[-121.82389,36.44766],[-121.82408,36.44812],[-121.82426,36.44858],[-121.82414,36.44796],[-121.82401,36.44735],[-121.82389,36.44673],[-121.82339,36.44678],[-121.82288,36.44683],[-121.82297,36.44655],[-121.82349,36.44652],[-121.82402,36.44648],[-121.82454,36.44645],[-121.82487,36.44599],[-121.82519,36.44553],[-121.82589,36.44532],[-121.82659,36.44511],[-121.82729,36.4449],[-121.828,36.44468],[-121.8287,36.44447],[-121.8294,36.44426],[-121.8301,36.44405],[-121.83062,36.4442],[-121.83115,36.44436],[-121.83167,36.44451],[-121.83205,36.445],[-121.83244,36.44549],[-121.83282,36.44598],[-121.83321,36.44647],[-121.83359,36.44696],[-121.83398,36.44745],[-121.83436,36.44794],[-121.83418,36.4475],[-121.83399,36.44705],[-121.83474,36.44705],[-121.8355,36.44705],[-121.83625,36.44705],[-121.837,36.44705],[-121.83775,36.44704],[-121.83851,36.44704],[-121.83926,36.44704],[-121.84001,36.44704],[-121.84077,36.44704],[-121.84152,36.44704],[-121.84227,36.44704],[-121.84303,36.44704],[-121.84378,36.44703],[-121.84453,36.44703],[-121.84528,36.44703],[-121.84604,36.44703],[-121.84679,36.44703],[-121.84676,36.44765],[-121.84673,36.44827],[-121.8467,36.44889],[-121.84667,36.44951],[-121.84611,36.44942],[-121.84556,36.44933],[-121.84494,36.4497],[-121.84433,36.45007],[-121.84371,36.45044],[-121.84434,36.45025],[-121.84496,36.45007],[-121.84558,36.44989],[-121.84621,36.4497],[-121.84639,36.45025],[-121.84676,36.4497],[-121.84715,36.45012],[-121.84714,36.45074],[-121.84714,36.45136],[-121.84713,36.45198],[-121.84713,36.4526],[-121.84712,36.45322],[-121.84712,36.45383],[-121.84711,36.45445],[-121.84711,36.45507],[-121.8471,36.45569],[-121.8471,36.45631],[-121.84709,36.45693],[-121.84709,36.45755],[-121.84708,36.45817],[-121.84708,36.45879],[-121.84707,36.45941],[-121.84707,36.46002],[-121.84706,36.46064],[-121.84706,36.46126],[-121.84705,36.46188],[-121.84705,36.4625],[-121.84704,36.46312],[-121.84769,36.46345],[-121.84834,36.46377],[-121.84899,36.4641],[-121.84964,36.46442],[-121.84964,36.46497],[-121.84964,36.46551],[-121.84964,36.46606],[-121.84965,36.4666],[-121.84965,36.46715],[-121.84965,36.46769],[-121.84965,36.46824],[-121.8502,36.46823],[-121.85075,36.46822],[-121.8513,36.46821],[-121.85123,36.46871],[-121.85115,36.46921],[-121.85108,36.46971],[-121.851,36.47021],[-121.85093,36.47071],[-121.85139,36.47104],[-121.85186,36.47136],[-121.85186,36.47173],[-121.85186,36.4721],[-121.8522,36.47244],[-121.85254,36.47278],[-121.85288,36.47312],[-121.85288,36.47368],[-121.85242,36.47331],[-121.85195,36.47294],[-121.8513,36.47303],[-121.85171,36.47317],[-121.85213,36.47331],[-121.85226,36.47377],[-121.85238,36.47424],[-121.85251,36.4747],[-121.85325,36.47479],[-121.85283,36.47446],[-121.85241,36.47414],[-121.85297,36.47377],[-121.85343,36.47419],[-121.85389,36.4746],[-121.85436,36.47502],[-121.85482,36.47544],[-121.85501,36.47601],[-121.85519,36.47658],[-121.85538,36.47715],[-121.85556,36.47771],[-121.85575,36.47828],[-121.85593,36.47885],[-121.85612,36.47942],[-121.85538,36.47956],[-121.85463,36.4797],[-121.85417,36.47938],[-121.8537,36.47905],[-121.85324,36.47872],[-121.85278,36.4784],[-121.85276,36.47789],[-121.85273,36.47738],[-121.85271,36.47687],[-121.85269,36.47636],[-121.85334,36.47664],[-121.85343,36.47645],[-121.85301,36.476],[-121.85258,36.47555],[-121.85216,36.4751],[-121.85174,36.47466],[-121.85132,36.47421],[-121.85089,36.47376],[-121.85047,36.47331],[-121.85028,36.47373],[-121.8501,36.47414],[-121.85052,36.47448],[-121.85093,36.47481],[-121.85134,36.47515],[-121.85176,36.47549],[-121.85104,36.47547],[-121.85032,36.47545],[-121.84961,36.47544],[-121.84889,36.47542],[-121.84848,36.47514],[-121.84806,36.47486],[-121.84762,36.47516],[-121.84718,36.47545],[-121.84674,36.47575],[-121.84714,36.47619],[-121.84755,36.47664],[-121.84795,36.47708],[-121.84836,36.47752],[-121.84877,36.47797],[-121.84917,36.47841],[-121.84981,36.47873],[-121.85044,36.47905],[-121.85108,36.47937],[-121.85137,36.47987],[-121.85166,36.48036],[-121.85196,36.48085],[-121.85225,36.48135],[-121.85254,36.48184],[-121.85283,36.48234],[-121.8533,36.48277],[-121.85376,36.4832],[-121.85423,36.48364],[-121.8547,36.48407],[-121.85527,36.4844],[-121.85584,36.48473],[-121.85642,36.48506],[-121.85699,36.48539],[-121.85756,36.48573],[-121.85813,36.48606],[-121.8587,36.48639],[-121.85928,36.48672],[-121.85985,36.48705],[-121.86042,36.48738],[-121.86109,36.48738],[-121.86176,36.48738],[-121.86149,36.48697],[-121.86121,36.48655],[-121.86178,36.48656],[-121.86235,36.48656],[-121.86258,36.48633],[-121.86258,36.48581],[-121.86203,36.48613],[-121.86149,36.48645],[-121.86088,36.48614],[-121.86027,36.48582],[-121.85965,36.48551],[-121.85904,36.48519],[-121.85843,36.48488],[-121.85784,36.48482],[-121.85726,36.48476],[-121.85667,36.4847],[-121.85617,36.48437],[-121.85567,36.48403],[-121.85517,36.4837],[-121.85467,36.48336],[-121.85417,36.48303],[-121.85385,36.48252],[-121.85352,36.48201],[-121.8532,36.4815],[-121.85288,36.48099],[-121.85255,36.48048],[-121.85223,36.47997],[-121.85263,36.48046],[-121.85303,36.48096],[-121.85343,36.48145],[-121.85397,36.48177],[-121.85451,36.4821],[-121.85505,36.48243],[-121.85559,36.48275],[-121.85613,36.48307],[-121.85667,36.4834],[-121.85642,36.48297],[-121.85618,36.48253],[-121.85593,36.4821],[-121.8554,36.48189],[-121.85487,36.48168],[-121.85433,36.48148],[-121.8538,36.48127],[-121.85335,36.48078],[-121.85291,36.48028],[-121.85246,36.47979],[-121.85201,36.4793],[-121.85157,36.4788],[-121.85112,36.47831],[-121.85053,36.47822],[-121.84995,36.47812],[-121.84936,36.47803],[-121.84927,36.47753],[-121.84917,36.47702],[-121.84908,36.47652],[-121.84945,36.47682],[-121.84982,36.47711],[-121.84964,36.47747],[-121.84945,36.47784],[-121.84991,36.47771],[-121.85038,36.47757],[-121.85087,36.47796],[-121.85135,36.47835],[-121.85184,36.47874],[-121.85232,36.47913],[-121.85281,36.47952],[-121.85298,36.47919],[-121.85315,36.47886],[-121.85349,36.47929],[-121.85383,36.47973],[-121.85417,36.48016],[-121.85491,36.48007],[-121.85565,36.47997],[-121.85627,36.48034],[-121.85689,36.48071],[-121.85751,36.48108],[-121.85776,36.48167],[-121.858,36.48225],[-121.85825,36.48284],[-121.85894,36.483],[-121.85963,36.48316],[-121.86033,36.48333],[-121.86102,36.48349]]}}]}